<?xml version="1.0" encoding="UTF-8"?>
<report version="1.0" kind="exception">
  <system description="Linux 5.15.0-122-lowlatency x86_64"/>
  <modules>
    <module address="0x55a02a724040" size="0x2eb07f8"/>
    <module path="linux-vdso.so.1" address="0x7ffe23a813e0" size="0x1c8" version="1"/>
    <module path="/lib/x86_64-linux-gnu/libGL.so.1" address="0x7fb70a3782a8" size="0x86668" version="1"/>
    <module path="/tmp/.mount_xLightqAC89E/usr/bin/../lib/libglut.so.3" address="0x7fb70a3282a8" size="0x4f1c8" version="3"/>
    <module path="/lib/x86_64-linux-gnu/libX11.so.6" address="0x7fb70a1e82a8" size="0x13fa88" version="6"/>
    <module path="/tmp/.mount_xLightqAC89E/usr/bin/../lib/libcurl.so.4" address="0x7fb70a13e2a8" size="0xa9a18" version="4"/>
    <module path="/tmp/.mount_xLightqAC89E/usr/bin/../lib/libavformat.so.58" address="0x7fb709ea02a8" size="0x29d070" version="58"/>
    <module path="/tmp/.mount_xLightqAC89E/usr/bin/../lib/libavcodec.so.58" address="0x7fb708b0b000" size="0x1392350" version="58"/>
    <module path="/tmp/.mount_xLightqAC89E/usr/bin/../lib/libavutil.so.56" address="0x7fb7087e3000" size="0x2ac918" version="56"/>
    <module path="/tmp/.mount_xLightqAC89E/usr/bin/../lib/libswresample.so.3" address="0x7fb7087b2000" size="0x1f830" version="3"/>
    <module path="/tmp/.mount_xLightqAC89E/usr/bin/../lib/libswscale.so.5" address="0x7fb708712000" size="0x9c828" version="5"/>
    <module path="/tmp/.mount_xLightqAC89E/usr/bin/../lib/liblog4cpp.so.5" address="0x7fb70861b2a8" size="0xf3ff8" version="5"/>
    <module path="/tmp/.mount_xLightqAC89E/usr/bin/../lib/libSDL2-2.0.so.0" address="0x7fb7084732a8" size="0x1a7a10" version="0"/>
    <module path="/tmp/.mount_xLightqAC89E/usr/bin/../lib/libwx_gtk3u_gl-3.3.so.0" address="0x7fb7084502a8" size="0x20428" version="0"/>
    <module path="/tmp/.mount_xLightqAC89E/usr/bin/../lib/libwx_gtk3u_aui-3.3.so.0" address="0x7fb7083a52a8" size="0xa9e48" version="0"/>
    <module path="/tmp/.mount_xLightqAC89E/usr/bin/../lib/libwx_gtk3u_propgrid-3.3.so.0" address="0x7fb7082802a8" size="0x124108" version="0"/>
    <module path="/tmp/.mount_xLightqAC89E/usr/bin/../lib/libwx_gtk3u_html-3.3.so.0" address="0x7fb70819e2a8" size="0xe1408" version="0"/>
    <module path="/tmp/.mount_xLightqAC89E/usr/bin/../lib/libwx_gtk3u_qa-3.3.so.0" address="0x7fb70816c2a8" size="0x31490" version="0"/>
    <module path="/tmp/.mount_xLightqAC89E/usr/bin/../lib/libwx_gtk3u_core-3.3.so.0" address="0x7fb70789b2a8" size="0x8d0a78" version="0"/>
    <module path="/tmp/.mount_xLightqAC89E/usr/bin/../lib/libwx_baseu_xml-3.3.so.0" address="0x7fb7078832a8" size="0x150c8" version="0"/>
    <module path="/tmp/.mount_xLightqAC89E/usr/bin/../lib/libwx_baseu_net-3.3.so.0" address="0x7fb7078182a8" size="0x6a348" version="0"/>
    <module path="/tmp/.mount_xLightqAC89E/usr/bin/../lib/libwx_baseu-3.3.so.0" address="0x7fb70753f2e0" size="0x2d7e68" version="0"/>
    <module path="/tmp/.mount_xLightqAC89E/usr/bin/../lib/liblua5.3.so.0" address="0x7fb7075002a8" size="0x3e020" version="0"/>
    <module path="/lib/x86_64-linux-gnu/libz.so.1" address="0x7fb7074e42a8" size="0x1ae10" version="1"/>
    <module path="/tmp/.mount_xLightqAC89E/usr/bin/../lib/libzstd.so.1" address="0x7fb7074102a8" size="0xd38f0" version="1"/>
    <module path="/tmp/.mount_xLightqAC89E/usr/bin/../lib/libwebp.so.7" address="0x7fb7073a02a8" size="0x6da28" version="7"/>
    <module path="/tmp/.mount_xLightqAC89E/usr/bin/../lib/libwebpdemux.so.2" address="0x7fb7073992a8" size="0x6328" version="2"/>
    <module path="/lib/x86_64-linux-gnu/libstdc++.so.6" address="0x7fb70716d2e0" size="0x22b5e0" version="6"/>
    <module path="/lib/x86_64-linux-gnu/libm.so.6" address="0x7fb7070862a8" size="0xe5e60" version="6"/>
    <module path="/lib/x86_64-linux-gnu/libgcc_s.so.1" address="0x7fb7070662a8" size="0x1f040" version="1"/>
    <module path="/lib/x86_64-linux-gnu/libc.so.6" address="0x7fb706e3d040" size="0x228e10" version="6"/>
    <module path="/lib/x86_64-linux-gnu/libGLdispatch.so.0" address="0x7fb706d832e0" size="0xb7058" version="0"/>
    <module path="/lib/x86_64-linux-gnu/libGLX.so.0" address="0x7fb706d4f2a8" size="0x332e0" version="0"/>
    <module path="/tmp/.mount_xLightqAC89E/usr/bin/../lib/libXi.so.6" address="0x7fb706d3a2a8" size="0x14b18" version="6"/>
    <module path="/tmp/.mount_xLightqAC89E/usr/bin/../lib/libXxf86vm.so.1" address="0x7fb706d322a8" size="0x73e0" version="1"/>
    <module path="/lib/x86_64-linux-gnu/libxcb.so.1" address="0x7fb706d082a8" size="0x28fe0" version="1"/>
    <module path="/tmp/.mount_xLightqAC89E/usr/bin/../lib/libnghttp2.so.14" address="0x7fb706cda2a8" size="0x2bac0" version="14"/>
    <module path="/tmp/.mount_xLightqAC89E/usr/bin/../lib/libidn2.so.0" address="0x7fb706cb82a8" size="0x21448" version="0"/>
    <module path="/tmp/.mount_xLightqAC89E/usr/bin/../lib/librtmp.so.1" address="0x7fb706c972a8" size="0x20190" version="1"/>
    <module path="/tmp/.mount_xLightqAC89E/usr/bin/../lib/libssh.so.4" address="0x7fb706c252e0" size="0x715c0" version="4"/>
    <module path="/tmp/.mount_xLightqAC89E/usr/bin/../lib/libpsl.so.5" address="0x7fb706c102a8" size="0x14400" version="5"/>
    <module path="/tmp/.mount_xLightqAC89E/usr/bin/../lib/libssl.so.3" address="0x7fb706b652a8" size="0xaa150" version="3"/>
    <module path="/tmp/.mount_xLightqAC89E/usr/bin/../lib/libcrypto.so.3" address="0x7fb7066fb2a8" size="0x469bb0" version="3"/>
    <module path="/tmp/.mount_xLightqAC89E/usr/bin/../lib/libgssapi_krb5.so.2" address="0x7fb7066a22a8" size="0x56b40" version="2"/>
    <module path="/tmp/.mount_xLightqAC89E/usr/bin/../lib/libldap-2.5.so.0" address="0x7fb70663d2a8" size="0x64398" version="0"/>
    <module path="/tmp/.mount_xLightqAC89E/usr/bin/../lib/liblber-2.5.so.0" address="0x7fb70662a2a8" size="0x11df8" version="0"/>
    <module path="/tmp/.mount_xLightqAC89E/usr/bin/../lib/libbrotlidec.so.1" address="0x7fb70661b2a8" size="0xe5a8" version="1"/>
    <module path="/tmp/.mount_xLightqAC89E/usr/bin/../lib/libxml2.so.2" address="0x7fb70642c2a8" size="0x1ee548" version="2"/>
    <module path="/tmp/.mount_xLightqAC89E/usr/bin/../lib/libbz2.so.1.0" address="0x7fb7064162a8" size="0x13428" version="1.0"/>
    <module path="/tmp/.mount_xLightqAC89E/usr/bin/../lib/libgme.so.0" address="0x7fb7063c52a8" size="0x508d8" version="0"/>
    <module path="/tmp/.mount_xLightqAC89E/usr/bin/../lib/libopenmpt.so.0" address="0x7fb7061fe2a8" size="0x1c6780" version="0"/>
    <module path="/tmp/.mount_xLightqAC89E/usr/bin/../lib/libchromaprint.so.1" address="0x7fb7061ee2a8" size="0xf7b0" version="1"/>
    <module path="/tmp/.mount_xLightqAC89E/usr/bin/../lib/libbluray.so.2" address="0x7fb7061962a8" size="0x57cf0" version="2"/>
    <module path="/tmp/.mount_xLightqAC89E/usr/bin/../lib/libgnutls.so.30" address="0x7fb705f9c2e0" size="0x1f9ad0" version="30"/>
    <module path="/tmp/.mount_xLightqAC89E/usr/bin/../lib/librabbitmq.so.4" address="0x7fb705f802a8" size="0x19350" version="4"/>
    <module path="/tmp/.mount_xLightqAC89E/usr/bin/../lib/libsrt-gnutls.so.1.4" address="0x7fb705eb52a8" size="0xca5e8" version="1.4"/>
    <module path="/tmp/.mount_xLightqAC89E/usr/bin/../lib/libssh-gcrypt.so.4" address="0x7fb705e252e0" size="0x8f0a0" version="4"/>
    <module path="/tmp/.mount_xLightqAC89E/usr/bin/../lib/libzmq.so.5" address="0x7fb705d872a8" size="0x9dcd8" version="5"/>
    <module path="/tmp/.mount_xLightqAC89E/usr/bin/../lib/libvpx.so.7" address="0x7fb705a7b000" size="0x30b9a8" version="7"/>
    <module path="/tmp/.mount_xLightqAC89E/usr/bin/../lib/libwebpmux.so.3" address="0x7fb705a662a8" size="0xd520" version="3"/>
    <module path="/tmp/.mount_xLightqAC89E/usr/bin/../lib/liblzma.so.5" address="0x7fb705a392a8" size="0x2be00" version="5"/>
    <module path="/tmp/.mount_xLightqAC89E/usr/bin/../lib/libdav1d.so.5" address="0x7fb7058b4000" size="0x184670" version="5"/>
    <module path="/tmp/.mount_xLightqAC89E/usr/bin/../lib/librsvg-2.so.2" address="0x7fb704f5a000" size="0x957910" version="2"/>
    <module path="/tmp/.mount_xLightqAC89E/usr/bin/../lib/libgobject-2.0.so.0" address="0x7fb704dd62a8" size="0x65098" version="0"/>
    <module path="/tmp/.mount_xLightqAC89E/usr/bin/../lib/libglib-2.0.so.0" address="0x7fb704c8e2a8" size="0x146fa8" version="0"/>
    <module path="/tmp/.mount_xLightqAC89E/usr/bin/../lib/libcairo.so.2" address="0x7fb704b5e2a8" size="0x12dc28" version="2"/>
    <module path="/tmp/.mount_xLightqAC89E/usr/bin/../lib/libzvbi.so.0" address="0x7fb704acb2a8" size="0x924f0" version="0"/>
    <module path="/tmp/.mount_xLightqAC89E/usr/bin/../lib/libsnappy.so.1" address="0x7fb704abf2a8" size="0xad98" version="1"/>
    <module path="/tmp/.mount_xLightqAC89E/usr/bin/../lib/libaom.so.3" address="0x7fb704562000" size="0x55ce40" version="3"/>
    <module path="/tmp/.mount_xLightqAC89E/usr/bin/../lib/libcodec2.so.1.0" address="0x7fb7036a22a8" size="0xeab580" version="1.0"/>
    <module path="/tmp/.mount_xLightqAC89E/usr/bin/../lib/libgsm.so.1" address="0x7fb7036922a8" size="0xf400" version="1"/>
    <module path="/tmp/.mount_xLightqAC89E/usr/bin/../lib/libmp3lame.so.0" address="0x7fb7036192a8" size="0x76cb8" version="0"/>
    <module path="/tmp/.mount_xLightqAC89E/usr/bin/../lib/libopenjp2.so.7" address="0x7fb7035c02a8" size="0x58840" version="7"/>
    <module path="/tmp/.mount_xLightqAC89E/usr/bin/../lib/libopus.so.0" address="0x7fb7035612a8" size="0x5ea58" version="0"/>
    <module path="/tmp/.mount_xLightqAC89E/usr/bin/../lib/libshine.so.3" address="0x7fb703208fc0" size="0x202478" version="3"/>
    <module path="/tmp/.mount_xLightqAC89E/usr/bin/../lib/libspeex.so.1" address="0x7fb7035422a8" size="0x1e780" version="1"/>
    <module path="/tmp/.mount_xLightqAC89E/usr/bin/../lib/libtheoraenc.so.1" address="0x7fb7035092a8" size="0x382f8" version="1"/>
    <module path="/tmp/.mount_xLightqAC89E/usr/bin/../lib/libtheoradec.so.1" address="0x7fb7034e82a8" size="0x1e738" version="1"/>
    <module path="/tmp/.mount_xLightqAC89E/usr/bin/../lib/libtwolame.so.0" address="0x7fb7034c22a8" size="0x25a58" version="0"/>
    <module path="/tmp/.mount_xLightqAC89E/usr/bin/../lib/libvorbis.so.0" address="0x7fb7034932a8" size="0x2de10" version="0"/>
    <module path="/tmp/.mount_xLightqAC89E/usr/bin/../lib/libvorbisenc.so.2" address="0x7fb7031542a8" size="0xab2b0" version="2"/>
    <module path="/tmp/.mount_xLightqAC89E/usr/bin/../lib/libx264.so.163" address="0x7fb702e97000" size="0x2bcd28" version="163"/>
    <module path="/tmp/.mount_xLightqAC89E/usr/bin/../lib/libx265.so.199" address="0x7fb701f45000" size="0xf4c5a8" version="199"/>
    <module path="/tmp/.mount_xLightqAC89E/usr/bin/../lib/libxvidcore.so.4" address="0x7fb701df7000" size="0x111568" version="4"/>
    <module path="/tmp/.mount_xLightqAC89E/usr/bin/../lib/libva.so.2" address="0x7fb70345f2a8" size="0x31cc0" version="2"/>
    <module path="/tmp/.mount_xLightqAC89E/usr/bin/../lib/libmfx.so.1" address="0x7fb70344f2a8" size="0xef68" version="1"/>
    <module path="/tmp/.mount_xLightqAC89E/usr/bin/../lib/libva-drm.so.2" address="0x7fb7034492a8" size="0x53d8" version="2"/>
    <module path="/tmp/.mount_xLightqAC89E/usr/bin/../lib/libva-x11.so.2" address="0x7fb7034402a8" size="0x8440" version="2"/>
    <module path="/tmp/.mount_xLightqAC89E/usr/bin/../lib/libvdpau.so.1" address="0x7fb7034372a8" size="0x6628" version="1"/>
    <module path="/lib/x86_64-linux-gnu/libdrm.so.2" address="0x7fb7034212a8" size="0x15950" version="2"/>
    <module path="/tmp/.mount_xLightqAC89E/usr/bin/../lib/libOpenCL.so.1" address="0x7fb70340d2e0" size="0x13130" version="1"/>
    <module path="/tmp/.mount_xLightqAC89E/usr/bin/../lib/libsoxr.so.0" address="0x7fb701d8d2a8" size="0x67380" version="0"/>
    <module path="/lib/x86_64-linux-gnu/libasound.so.2" address="0x7fb701c8a2e0" size="0x102230" version="2"/>
    <module path="/tmp/.mount_xLightqAC89E/usr/bin/../lib/libpulse.so.0" address="0x7fb701c332a8" size="0x53da8" version="0"/>
    <module path="/tmp/.mount_xLightqAC89E/usr/bin/../lib/libXext.so.6" address="0x7fb701c1c2a8" size="0x16168" version="6"/>
    <module path="/tmp/.mount_xLightqAC89E/usr/bin/../lib/libXcursor.so.1" address="0x7fb701c0f2a8" size="0xca40" version="1"/>
    <module path="/tmp/.mount_xLightqAC89E/usr/bin/../lib/libXinerama.so.1" address="0x7fb701c092a8" size="0x5440" version="1"/>
    <module path="/tmp/.mount_xLightqAC89E/usr/bin/../lib/libXfixes.so.3" address="0x7fb701c002a8" size="0x85f8" version="3"/>
    <module path="/tmp/.mount_xLightqAC89E/usr/bin/../lib/libXrandr.so.2" address="0x7fb701bf22a8" size="0xd958" version="2"/>
    <module path="/tmp/.mount_xLightqAC89E/usr/bin/../lib/libXss.so.1" address="0x7fb701bea2a8" size="0x5588" version="1"/>
    <module path="/lib/x86_64-linux-gnu/libgbm.so.1" address="0x7fb701bd92a8" size="0x101c0" version="1"/>
    <module path="/tmp/.mount_xLightqAC89E/usr/bin/../lib/libwayland-egl.so.1" address="0x7fb701bd32a8" size="0x51b8" version="1"/>
    <module path="/tmp/.mount_xLightqAC89E/usr/bin/../lib/libwayland-client.so.0" address="0x7fb701bc12a8" size="0x11b90" version="0"/>
    <module path="/tmp/.mount_xLightqAC89E/usr/bin/../lib/libwayland-cursor.so.0" address="0x7fb701bb62a8" size="0xa718" version="0"/>
    <module path="/tmp/.mount_xLightqAC89E/usr/bin/../lib/libxkbcommon.so.0" address="0x7fb701b6d2a8" size="0x47db0" version="0"/>
    <module path="/tmp/.mount_xLightqAC89E/usr/bin/../lib/libdecor-0.so.0" address="0x7fb701b602a8" size="0xaa88" version="0"/>
    <module path="/tmp/.mount_xLightqAC89E/usr/bin/../lib/libgtk-3.so.0" address="0x7fb7013012a8" size="0x85eaa0" version="0"/>
    <module path="/tmp/.mount_xLightqAC89E/usr/bin/../lib/libgdk-3.so.0" address="0x7fb7011ee2a8" size="0x1128e0" version="0"/>
    <module path="/lib/x86_64-linux-gnu/libEGL.so.1" address="0x7fb7011db2a8" size="0x12400" version="1"/>
    <module path="/tmp/.mount_xLightqAC89E/usr/bin/../lib/libpangocairo-1.0.so.0" address="0x7fb7011c72a8" size="0x13738" version="0"/>
    <module path="/tmp/.mount_xLightqAC89E/usr/bin/../lib/libpango-1.0.so.0" address="0x7fb7011572a8" size="0x6d218" version="0"/>
    <module path="/tmp/.mount_xLightqAC89E/usr/bin/../lib/libgdk_pixbuf-2.0.so.0" address="0x7fb7011242a8" size="0x32858" version="0"/>
    <module path="/tmp/.mount_xLightqAC89E/usr/bin/../lib/libgio-2.0.so.0" address="0x7fb700f342a8" size="0x1ef9a8" version="0"/>
    <module path="/lib/x86_64-linux-gnu/libSM.so.6" address="0x7fb700f292a8" size="0x9ec8" version="6"/>
    <module path="/tmp/.mount_xLightqAC89E/usr/bin/../lib/libXtst.so.6" address="0x7fb700f202a8" size="0x8500" version="6"/>
    <module path="/tmp/.mount_xLightqAC89E/usr/bin/../lib/libpangoft2-1.0.so.0" address="0x7fb700f022a8" size="0x1d858" version="0"/>
    <module path="/lib/x86_64-linux-gnu/libfontconfig.so.1" address="0x7fb700eb62a8" size="0x493b8" version="1"/>
    <module path="/tmp/.mount_xLightqAC89E/usr/bin/../lib/libpng16.so.16" address="0x7fb700e782a8" size="0x3d090" version="16"/>
    <module path="/tmp/.mount_xLightqAC89E/usr/bin/../lib/libjpeg.so.8" address="0x7fb700df9000" size="0x7e108" version="8"/>
    <module path="/lib/x86_64-linux-gnu/libexpat.so.1" address="0x7fb700dc42a8" size="0x2fe10" version="1"/>
    <module path="/tmp/.mount_xLightqAC89E/usr/bin/../lib/libpcre2-32.so.0" address="0x7fb700d3e2a8" size="0x85b40" version="0"/>
    <module path="/lib64/ld-linux-x86-64.so.2" address="0x7fb70a41d2a8" size="0x3b030" version="2"/>
    <module path="/lib/x86_64-linux-gnu/libXau.so.6" address="0x7fb700d362a8" size="0x4e60" version="6"/>
    <module path="/lib/x86_64-linux-gnu/libXdmcp.so.6" address="0x7fb700d2e2a8" size="0x6dd8" version="6"/>
    <module path="/tmp/.mount_xLightqAC89E/usr/bin/../lib/libunistring.so.2" address="0x7fb700b7e2a8" size="0x1af030" version="2"/>
    <module path="/tmp/.mount_xLightqAC89E/usr/bin/../lib/libhogweed.so.6" address="0x7fb700b322a8" size="0x4ad88" version="6"/>
    <module path="/tmp/.mount_xLightqAC89E/usr/bin/../lib/libnettle.so.8" address="0x7fb700ae72a8" size="0x49dd0" version="8"/>
    <module path="/lib/x86_64-linux-gnu/libgmp.so.10" address="0x7fb700a632a8" size="0x80f68" version="10"/>
    <module path="/tmp/.mount_xLightqAC89E/usr/bin/../lib/libkrb5.so.3" address="0x7fb7009912a8" size="0xd0f10" version="3"/>
    <module path="/tmp/.mount_xLightqAC89E/usr/bin/../lib/libk5crypto.so.3" address="0x7fb7009602a8" size="0x2fea0" version="3"/>
    <module path="/lib/x86_64-linux-gnu/libcom_err.so.2" address="0x7fb70095a2e0" size="0x4d68" version="2"/>
    <module path="/tmp/.mount_xLightqAC89E/usr/bin/../lib/libkrb5support.so.0" address="0x7fb70094a2a8" size="0xee00" version="0"/>
    <module path="/tmp/.mount_xLightqAC89E/usr/bin/../lib/libsasl2.so.2" address="0x7fb70092c2a8" size="0x1b9b8" version="2"/>
    <module path="/tmp/.mount_xLightqAC89E/usr/bin/../lib/libbrotlicommon.so.1" address="0x7fb7009082a8" size="0x23288" version="1"/>
    <module path="/tmp/.mount_xLightqAC89E/usr/bin/../lib/libicuuc.so.70" address="0x7fb7006e22a8" size="0x225cf0" version="70"/>
    <module path="/tmp/.mount_xLightqAC89E/usr/bin/../lib/libmpg123.so.0" address="0x7fb700689000" size="0x58198" version="0"/>
    <module path="/tmp/.mount_xLightqAC89E/usr/bin/../lib/libvorbisfile.so.3" address="0x7fb7006782a8" size="0xb6e8" version="3"/>
    <module path="/lib/x86_64-linux-gnu/libfreetype.so.6" address="0x7fb7005ae2a8" size="0xc6d68" version="6"/>
    <module path="/tmp/.mount_xLightqAC89E/usr/bin/../lib/libudfread.so.0" address="0x7fb7005a22a8" size="0xb310" version="0"/>
    <module path="/tmp/.mount_xLightqAC89E/usr/bin/../lib/libp11-kit.so.0" address="0x7fb7004652e0" size="0x13c268" version="0"/>
    <module path="/tmp/.mount_xLightqAC89E/usr/bin/../lib/libtasn1.so.6" address="0x7fb70044c2a8" size="0x18638" version="6"/>
    <module path="/tmp/.mount_xLightqAC89E/usr/bin/../lib/libgcrypt.so.20" address="0x7fb70030c2a8" size="0x13f9d0" version="20"/>
    <module path="/lib/x86_64-linux-gnu/libgpg-error.so.0" address="0x7fb7002e42a8" size="0x24f10" version="0"/>
    <module path="/tmp/.mount_xLightqAC89E/usr/bin/../lib/libbsd.so.0" address="0x7fb7002ca2a8" size="0x18dd8" version="0"/>
    <module path="/tmp/.mount_xLightqAC89E/usr/bin/../lib/libsodium.so.23" address="0x7fb700277000" size="0x52490" version="23"/>
    <module path="/tmp/.mount_xLightqAC89E/usr/bin/../lib/libpgm-5.3.so.0" address="0x7fb7002182a8" size="0x51eb8" version="0"/>
    <module path="/tmp/.mount_xLightqAC89E/usr/bin/../lib/libnorm.so.1" address="0x7fb7000eb2a8" size="0x12c710" version="1"/>
    <module path="/tmp/.mount_xLightqAC89E/usr/bin/../lib/libcairo-gobject.so.2" address="0x7fb7000dc2a8" size="0xc818" version="2"/>
    <module path="/tmp/.mount_xLightqAC89E/usr/bin/../lib/libffi.so.8" address="0x7fb7000ce2a8" size="0xd5f8" version="8"/>
    <module path="/tmp/.mount_xLightqAC89E/usr/bin/../lib/libpcre.so.3" address="0x7fb7000572a8" size="0x76468" version="3"/>
    <module path="/tmp/.mount_xLightqAC89E/usr/bin/../lib/libpixman-1.so.0" address="0x7fb6fffaa2e0" size="0xac590" version="0"/>
    <module path="/tmp/.mount_xLightqAC89E/usr/bin/../lib/libxcb-shm.so.0" address="0x7fb6fffa42a8" size="0x5360" version="0"/>
    <module path="/tmp/.mount_xLightqAC89E/usr/bin/../lib/libxcb-render.so.0" address="0x7fb6fff902a8" size="0x11808" version="0"/>
    <module path="/tmp/.mount_xLightqAC89E/usr/bin/../lib/libXrender.so.1" address="0x7fb6fff822a8" size="0xd778" version="1"/>
    <module path="/tmp/.mount_xLightqAC89E/usr/bin/../lib/libogg.so.0" address="0x7fb6fff762a8" size="0xb788" version="0"/>
    <module path="/tmp/.mount_xLightqAC89E/usr/bin/../lib/libnuma.so.1" address="0x7fb6fff682e0" size="0xdc68" version="1"/>
    <module path="/lib/x86_64-linux-gnu/libpthread.so.0" address="0x7fb6fff632a8" size="0x3d80" version="0"/>
    <module path="/tmp/.mount_xLightqAC89E/usr/bin/../lib/libgomp.so.1" address="0x7fb6fff122e0" size="0x4e4e0" version="1"/>
    <module path="/tmp/.mount_xLightqAC89E/usr/bin/../lib/libpulsecommon-15.99.so" address="0x7fb6ffe852a8" size="0x8c018" version="15.99"/>
    <module path="/tmp/.mount_xLightqAC89E/usr/bin/../lib/libdbus-1.so.3" address="0x7fb6ffe312a8" size="0x52f20" version="3"/>
    <module path="/lib/x86_64-linux-gnu/libwayland-server.so.0" address="0x7fb6ffe1b2a8" size="0x15378" version="0"/>
    <module path="/lib/x86_64-linux-gnu/libxcb-randr.so.0" address="0x7fb6ffe082a8" size="0x11dc0" version="0"/>
    <module path="/tmp/.mount_xLightqAC89E/usr/bin/../lib/libgmodule-2.0.so.0" address="0x7fb6ffdfe2a8" size="0x73b0" version="0"/>
    <module path="/tmp/.mount_xLightqAC89E/usr/bin/../lib/libatk-1.0.so.0" address="0x7fb6ffdd02a8" size="0x2d648" version="0"/>
    <module path="/tmp/.mount_xLightqAC89E/usr/bin/../lib/libatk-bridge-2.0.so.0" address="0x7fb6ffd942a8" size="0x3b360" version="0"/>
    <module path="/tmp/.mount_xLightqAC89E/usr/bin/../lib/libepoxy.so.0" address="0x7fb6ffc402a8" size="0x153510" version="0"/>
    <module path="/lib/x86_64-linux-gnu/libfribidi.so.0" address="0x7fb6ffc242a8" size="0x1ae30" version="0"/>
    <module path="/lib/x86_64-linux-gnu/libharfbuzz.so.0" address="0x7fb6ffb532a8" size="0xcea30" version="0"/>
    <module path="/tmp/.mount_xLightqAC89E/usr/bin/../lib/libXcomposite.so.1" address="0x7fb6ffb4d2a8" size="0x5298" version="1"/>
    <module path="/tmp/.mount_xLightqAC89E/usr/bin/../lib/libXdamage.so.1" address="0x7fb6ffb472a8" size="0x5478" version="1"/>
    <module path="/tmp/.mount_xLightqAC89E/usr/bin/../lib/libthai.so.0" address="0x7fb6ffb3b2a8" size="0xb8f0" version="0"/>
    <module path="/tmp/.mount_xLightqAC89E/usr/bin/../lib/libmount.so.1" address="0x7fb6ffaf42a8" size="0x46a68" version="1"/>
    <module path="/tmp/.mount_xLightqAC89E/usr/bin/../lib/libselinux.so.1" address="0x7fb6ffac32e0" size="0x2e198" version="1"/>
    <module path="/lib/x86_64-linux-gnu/libICE.so.6" address="0x7fb6ffaa62a8" size="0x1ccb0" version="6"/>
    <module path="/lib/x86_64-linux-gnu/libuuid.so.1" address="0x7fb6ffa9d2e0" size="0x7d38" version="1"/>
    <module path="/tmp/.mount_xLightqAC89E/usr/bin/../lib/libkeyutils.so.1" address="0x7fb6ffa952a8" size="0x7688" version="1"/>
    <module path="/lib/x86_64-linux-gnu/libresolv.so.2" address="0x7fb6ffa812a8" size="0x137a0" version="2"/>
    <module path="/tmp/.mount_xLightqAC89E/usr/bin/../lib/libicudata.so.70" address="0x7fb6fde60270" size="0x1c1e070" version="70"/>
    <module path="/tmp/.mount_xLightqAC89E/usr/bin/../lib/libmd.so.0" address="0x7fb6fde522a8" size="0xd640" version="0"/>
    <module path="/tmp/.mount_xLightqAC89E/usr/bin/../lib/libsndfile.so.1" address="0x7fb6fddd12a8" size="0x80000" version="1"/>
    <module path="/lib/x86_64-linux-gnu/libX11-xcb.so.1" address="0x7fb6fddcc2a8" size="0x3d80" version="1"/>
    <module path="/tmp/.mount_xLightqAC89E/usr/bin/../lib/libsystemd.so.0" address="0x7fb6fdcfd2e0" size="0xcc9f0" version="0"/>
    <module path="/tmp/.mount_xLightqAC89E/usr/bin/../lib/libasyncns.so.0" address="0x7fb6fdcf42a8" size="0x8368" version="0"/>
    <module path="/tmp/.mount_xLightqAC89E/usr/bin/../lib/libapparmor.so.1" address="0x7fb6fdcde2a8" size="0x15bf8" version="1"/>
    <module path="/tmp/.mount_xLightqAC89E/usr/bin/../lib/libatspi.so.0" address="0x7fb6fdc9e2a8" size="0x3ee70" version="0"/>
    <module path="/lib/x86_64-linux-gnu/libgraphite2.so.3" address="0x7fb6fdc772a8" size="0x25e08" version="3"/>
    <module path="/tmp/.mount_xLightqAC89E/usr/bin/../lib/libdatrie.so.1" address="0x7fb6fdc6b2a8" size="0x94a8" version="1"/>
    <module path="/tmp/.mount_xLightqAC89E/usr/bin/../lib/libblkid.so.1" address="0x7fb6fdc322a8" size="0x382c0" version="1"/>
    <module path="/tmp/.mount_xLightqAC89E/usr/bin/../lib/libpcre2-8.so.0" address="0x7fb6fdb9a2a8" size="0x97b18" version="0"/>
    <module path="/tmp/.mount_xLightqAC89E/usr/bin/../lib/libFLAC.so.8" address="0x7fb6fdb5a2a8" size="0x3fb20" version="8"/>
    <module path="/tmp/.mount_xLightqAC89E/usr/bin/../lib/liblz4.so.1" address="0x7fb6fdb392a8" size="0x20c78" version="1"/>
    <module path="/tmp/.mount_xLightqAC89E/usr/bin/../lib/libcap.so.2" address="0x7fb6fdb2b2a8" size="0xb690" version="2"/>
    <module path="/usr/lib/x86_64-linux-gnu/gconv/UTF-32.so" address="0x7fb70a40a2a8" size="0x4db8" version="32"/>
    <module path="/usr/lib/x86_64-linux-gnu/gio/modules/libgvfsdbus.so" address="0x7fb6ed52a2a8" size="0x34048" version="gnu/gio/modules/libgvfsdbus"/>
    <module path="/usr/lib/x86_64-linux-gnu/gvfs/libgvfscommon.so" address="0x7fb6ed4e72a8" size="0x42010" version="gnu/gvfs/libgvfscommon"/>
    <module path="/lib/x86_64-linux-gnu/libnss_mdns4_minimal.so.2" address="0x7fb6ec0002a8" size="0x4d68" version="2"/>
    <module path="/lib/x86_64-linux-gnu/libEGL_mesa.so.0" address="0x7fb6de4882e0" size="0x48cc0" version="0"/>
    <module path="/lib/x86_64-linux-gnu/libglapi.so.0" address="0x7fb6de4532e0" size="0x33da0" version="0"/>
    <module path="/lib/x86_64-linux-gnu/libxcb-dri2.so.0" address="0x7fb6de44c2a8" size="0x5db0" version="0"/>
    <module path="/lib/x86_64-linux-gnu/libxcb-xfixes.so.0" address="0x7fb6de4422a8" size="0x8db0" version="0"/>
    <module path="/lib/x86_64-linux-gnu/libxcb-dri3.so.0" address="0x7fb6de43b2a8" size="0x5dc0" version="0"/>
    <module path="/lib/x86_64-linux-gnu/libxcb-present.so.0" address="0x7fb6de4362a8" size="0x3db0" version="0"/>
    <module path="/lib/x86_64-linux-gnu/libxcb-sync.so.1" address="0x7fb6de42c2a8" size="0x8dd0" version="1"/>
    <module path="/lib/x86_64-linux-gnu/libxshmfence.so.1" address="0x7fb6de4272a8" size="0x3dd0" version="1"/>
    <module path="/usr/lib/x86_64-linux-gnu/dri/radeonsi_dri.so" address="0x7fb6dc34c2e0" size="0x20dabb0" version="gnu/dri/radeonsi_dri"/>
    <module path="/lib/x86_64-linux-gnu/libLLVM-15.so.1" address="0x7fb6c900e040" size="0x6ff1d29" version="1"/>
    <module path="/lib/x86_64-linux-gnu/libsensors.so.5" address="0x7fb6dc33c2a8" size="0xf190" version="5"/>
    <module path="/lib/x86_64-linux-gnu/libdrm_radeon.so.1" address="0x7fb6dc32d2a8" size="0xde80" version="1"/>
    <module path="/lib/x86_64-linux-gnu/libelf.so.1" address="0x7fb6dc30f2e0" size="0x1cea8" version="1"/>
    <module path="/lib/x86_64-linux-gnu/libdrm_amdgpu.so.1" address="0x7fb6dc3032a8" size="0xafc0" version="1"/>
    <module path="/lib/x86_64-linux-gnu/libdrm_nouveau.so.2" address="0x7fb6dc2f82a8" size="0x9e80" version="2"/>
    <module path="/lib/x86_64-linux-gnu/libdrm_intel.so.1" address="0x7fb6dc2d22a8" size="0x25500" version="1"/>
    <module path="/lib/x86_64-linux-gnu/libedit.so.2" address="0x7fb6dc2982a8" size="0x38d98" version="2"/>
    <module path="/lib/x86_64-linux-gnu/libtinfo.so.6" address="0x7fb6dc2662a8" size="0x31678" version="6"/>
    <module path="/lib/x86_64-linux-gnu/libpciaccess.so.0" address="0x7fb6dc25b2a8" size="0x9ee8" version="0"/>
    <module path="/tmp/.mount_xLightqAC89E/usr/bin/../lib/libpixbufloader-svg.so" address="0x7fb6de4e62a8" size="0x5398" version="svg"/>
    <module path="/usr/lib/x86_64-linux-gnu/gio/modules/libgioremote-volume-monitor.so" address="0x7fb6c04402a8" size="0x1bee0" version="monitor"/>
    <module path="/usr/lib/x86_64-linux-gnu/gio/modules/libdconfsettings.so" address="0x7fb6c039a2a8" size="0xee38" version="gnu/gio/modules/libdconfsettings"/>
  </modules>
  <stack>
    <frame level="0" function="xlCrashHandler::HandleCrash(bool, std::__cxx11::basic_string&lt;char, std::char_traits&lt;char&gt;, std::allocator&lt;char&gt; &gt; const&amp;)" offset="0" address="0x55a02c119a16"/>
    <frame level="1" function="xlGLBaseApp::OnFatalException()" offset="0" address="0x55a02b5fa5b0"/>
    <frame level="2" function="std::vector&lt;wxThread*, std::allocator&lt;wxThread*&gt; &gt;::_M_fill_insert(__gnu_cxx::__normal_iterator&lt;wxThread**, std::vector&lt;wxThread*, std::allocator&lt;wxThread*&gt; &gt; &gt;, unsigned long, wxThread* const&amp;)" offset="0" address="0x7fb707735fd6"/>
    <frame level="3" function="__restore_rt" offset="0" address="0x7fb706e7f520" file="libc_sigaction.c" line="0"/>
    <frame level="4" function="ViewObjectPanel::OnSelectionChanged(wxTreeListEvent&amp;, ViewObject**, std::__cxx11::basic_string&lt;char, std::char_traits&lt;char&gt;, std::allocator&lt;char&gt; &gt;&amp;)" offset="0" address="0x55a02bef57f0"/>
    <frame level="5" function="LayoutPanel::OnSelectionChanged(wxTreeListEvent&amp;)" offset="0" address="0x55a02b847c73"/>
    <frame level="6" function="wxEvtHandler::ProcessEventIfMatchesId(wxEventTableEntryBase const&amp;, wxEvtHandler*, wxEvent&amp;)" offset="0" address="0x7fb7077674b6"/>
    <frame level="7" function="wxEventHashTable::HandleEvent(wxEvent&amp;, wxEvtHandler*)" offset="0" address="0x7fb707768a6b"/>
    <frame level="8" function="wxEvtHandler::TryHereOnly(wxEvent&amp;)" offset="0" address="0x7fb707768acd"/>
    <frame level="9" function="wxEvtHandler::ProcessEventLocally(wxEvent&amp;)" offset="0" address="0x7fb707768b4f"/>
    <frame level="10" function="wxEvtHandler::ProcessEvent(wxEvent&amp;)" offset="0" address="0x7fb707768c51"/>
    <frame level="11" function="wxWindowBase::TryAfter(wxEvent&amp;)" offset="0" address="0x7fb707e305ee"/>
    <frame level="12" function="wxWindowBase::TryAfter(wxEvent&amp;)" offset="0" address="0x7fb707e305ee"/>
    <frame level="13" function="wxWindowBase::TryAfter(wxEvent&amp;)" offset="0" address="0x7fb707e305ee"/>
    <frame level="14" function="wxWindowBase::TryAfter(wxEvent&amp;)" offset="0" address="0x7fb707e305ee"/>
    <frame level="15" function="wxWindowBase::TryAfter(wxEvent&amp;)" offset="0" address="0x7fb707e305ee"/>
    <frame level="16" function="wxWindowBase::TryAfter(wxEvent&amp;)" offset="0" address="0x7fb707e305ee"/>
    <frame level="17" function="wxWindowBase::TryAfter(wxEvent&amp;)" offset="0" address="0x7fb707e305ee"/>
    <frame level="18" function="wxWindowBase::TryAfter(wxEvent&amp;)" offset="0" address="0x7fb707e305ee"/>
    <frame level="19" function="wxTreeListCtrl::SendItemEvent(int, wxDataViewEvent&amp;)" offset="0" address="0x7fb707f25d77"/>
    <frame level="20" function="wxEvtHandler::ProcessEventIfMatchesId(wxEventTableEntryBase const&amp;, wxEvtHandler*, wxEvent&amp;)" offset="0" address="0x7fb7077674b6"/>
    <frame level="21" function="wxEventHashTable::HandleEvent(wxEvent&amp;, wxEvtHandler*)" offset="0" address="0x7fb707768a6b"/>
    <frame level="22" function="wxEvtHandler::TryHereOnly(wxEvent&amp;)" offset="0" address="0x7fb707768acd"/>
    <frame level="23" function="wxEvtHandler::ProcessEventLocally(wxEvent&amp;)" offset="0" address="0x7fb707768b4f"/>
    <frame level="24" function="wxEvtHandler::ProcessEvent(wxEvent&amp;)" offset="0" address="0x7fb707768c51"/>
    <frame level="25" function="wxWindowBase::TryAfter(wxEvent&amp;)" offset="0" address="0x7fb707e305ee"/>
    <frame level="26" function="wxEvtHandler::SafelyProcessEvent(wxEvent&amp;)" offset="0" address="0x7fb707768d3b"/>
    <frame level="27" function="wxDataViewIconTextRenderer::GtkGetValueFromString(wxString const&amp;) const" offset="0" address="0x7fb707cf33d1"/>
    <frame level="28" function="g_signal_emit_valist" offset="0" address="0x7fb704e08700"/>
    <frame level="29" function="g_signal_emit" offset="0" address="0x7fb704e08863"/>
    <frame level="30" function="gtk_tree_view_map_expanded_rows" offset="0" address="0x7fb70168a88f"/>
    <frame level="31" function="gtk_tree_view_set_fixed_height_mode" offset="0" address="0x7fb7016849ce"/>
    <frame level="32" function="g_closure_invoke" offset="0" address="0x7fb704dead2f"/>
    <frame level="33" function="g_signal_handlers_destroy" offset="0" address="0x7fb704e06c36"/>
    <frame level="34" function="g_signal_emit_valist" offset="0" address="0x7fb704e08614"/>
    <frame level="35" function="g_signal_emit" offset="0" address="0x7fb704e08863"/>
    <frame level="36" function="wxDataViewCtrl::HitTest(wxPoint const&amp;, wxDataViewItem&amp;, wxDataViewColumn*&amp;) const" offset="0" address="0x7fb707cee997"/>
    <frame level="37" function="wxDataViewModel::ItemDeleted(wxDataViewItem const&amp;, wxDataViewItem const&amp;)" offset="0" address="0x7fb707f2bd8f"/>
    <frame level="38" function="wxTreeListCtrl::OnSize(wxSizeEvent&amp;)" offset="0" address="0x7fb707f23567"/>
    <frame level="39" function="LayoutPanel::UpdateModelList(bool, std::vector&lt;Model*, std::allocator&lt;Model*&gt; &gt;&amp;)" offset="0" address="0x55a02b839bd1"/>
    <frame level="40" function="LayoutPanel::UpdateModelList(bool)" offset="0" address="0x55a02b83a3fa"/>
    <frame level="41" function="xLightsFrame::UpdateModelsList()" offset="0" address="0x55a02bf79c5f"/>
    <frame level="42" function="xLightsFrame::DoWork(unsigned int, std::__cxx11::basic_string&lt;char, std::char_traits&lt;char&gt;, std::allocator&lt;char&gt; &gt; const&amp;, BaseObject*, std::__cxx11::basic_string&lt;char, std::char_traits&lt;char&gt;, std::allocator&lt;char&gt; &gt; const&amp;)" offset="0" address="0x55a02bf6daf1"/>
    <frame level="43" function="xLightsFrame::DoASAPWork()" offset="0" address="0x55a02bf6e0d4"/>
    <frame level="44" function="wxEvtHandler::TryHereOnly(wxEvent&amp;)" offset="0" address="0x7fb707768b00"/>
    <frame level="45" function="wxEvtHandler::ProcessEventLocally(wxEvent&amp;)" offset="0" address="0x7fb707768b4f"/>
    <frame level="46" function="wxEvtHandler::ProcessEvent(wxEvent&amp;)" offset="0" address="0x7fb707768c51"/>
    <frame level="47" function="wxEvtHandler::SafelyProcessEvent(wxEvent&amp;)" offset="0" address="0x7fb707768d3b"/>
    <frame level="48" function="wxEvtHandler::ProcessPendingEvents()" offset="0" address="0x7fb707768e2a"/>
    <frame level="49" function="wxAppConsoleBase::ProcessPendingEvents()" offset="0" address="0x7fb7075eb404"/>
    <frame level="50" function="wxApp::DoIdle()" offset="0" address="0x7fb707bfd005"/>
    <frame level="51" function="wxApp::DoIdle()" offset="0" address="0x7fb707bfd0d7"/>
    <frame level="52" function="g_main_context_dispatch" offset="0" address="0x7fb704ce3c44"/>
    <frame level="53" function="g_io_channel_new_file" offset="0" address="0x7fb704d39258"/>
    <frame level="54" function="g_main_loop_run" offset="0" address="0x7fb704ce32b3"/>
    <frame level="55" function="gtk_main" offset="0" address="0x7fb701549cfd"/>
    <frame level="56" function="wxGUIEventLoop::DoRun()" offset="0" address="0x7fb707c1ddc5"/>
    <frame level="57" function="wxEventLoopBase::Run()" offset="0" address="0x7fb707625bc1"/>
    <frame level="58" function="wxAppConsoleBase::MainLoop()" offset="0" address="0x7fb7075e816f"/>
    <frame level="59" function="wxEntry(int&amp;, wchar_t**)" offset="0" address="0x7fb7076742d5"/>
    <frame level="60" function="main" offset="0" address="0x55a02b0972fd"/>
    <frame level="61" function="__libc_start_call_main" offset="0" address="0x7fb706e66d90" file="./csu/../sysdeps/nptl/libc_start_call_main.h" line="58"/>
    <frame level="62" function="call_init" offset="0" address="0x7fb706e66e40" file="./csu/../csu/libc-start.c" line="128"/>
    <frame level="63" function="_start" offset="0" address="0x55a02b0c7905"/>
  </stack>
</report>
