<?xml version="1.0" encoding="UTF-8"?>
<report version="1.0" kind="exception">
  <system description="Linux 5.15.0-122-lowlatency x86_64"/>
  <modules>
    <module address="0x557c4a032040" size="0x2eb07f8"/>
    <module path="linux-vdso.so.1" address="0x7ffdbe1473e0" size="0x1c8" version="1"/>
    <module path="/lib/x86_64-linux-gnu/libGL.so.1" address="0x7f3d21a632a8" size="0x86668" version="1"/>
    <module path="/tmp/.mount_xLightWl2vS4/usr/bin/../lib/libglut.so.3" address="0x7f3d21a132a8" size="0x4f1c8" version="3"/>
    <module path="/lib/x86_64-linux-gnu/libX11.so.6" address="0x7f3d218d32a8" size="0x13fa88" version="6"/>
    <module path="/tmp/.mount_xLightWl2vS4/usr/bin/../lib/libcurl.so.4" address="0x7f3d218292a8" size="0xa9a18" version="4"/>
    <module path="/tmp/.mount_xLightWl2vS4/usr/bin/../lib/libavformat.so.58" address="0x7f3d2158b2a8" size="0x29d070" version="58"/>
    <module path="/tmp/.mount_xLightWl2vS4/usr/bin/../lib/libavcodec.so.58" address="0x7f3d201f6000" size="0x1392350" version="58"/>
    <module path="/tmp/.mount_xLightWl2vS4/usr/bin/../lib/libavutil.so.56" address="0x7f3d1fece000" size="0x2ac918" version="56"/>
    <module path="/tmp/.mount_xLightWl2vS4/usr/bin/../lib/libswresample.so.3" address="0x7f3d1fe9d000" size="0x1f830" version="3"/>
    <module path="/tmp/.mount_xLightWl2vS4/usr/bin/../lib/libswscale.so.5" address="0x7f3d1fdfd000" size="0x9c828" version="5"/>
    <module path="/tmp/.mount_xLightWl2vS4/usr/bin/../lib/liblog4cpp.so.5" address="0x7f3d1fd062a8" size="0xf3ff8" version="5"/>
    <module path="/tmp/.mount_xLightWl2vS4/usr/bin/../lib/libSDL2-2.0.so.0" address="0x7f3d1fb5e2a8" size="0x1a7a10" version="0"/>
    <module path="/tmp/.mount_xLightWl2vS4/usr/bin/../lib/libwx_gtk3u_gl-3.3.so.0" address="0x7f3d1fb3b2a8" size="0x20428" version="0"/>
    <module path="/tmp/.mount_xLightWl2vS4/usr/bin/../lib/libwx_gtk3u_aui-3.3.so.0" address="0x7f3d1fa902a8" size="0xa9e48" version="0"/>
    <module path="/tmp/.mount_xLightWl2vS4/usr/bin/../lib/libwx_gtk3u_propgrid-3.3.so.0" address="0x7f3d1f96b2a8" size="0x124108" version="0"/>
    <module path="/tmp/.mount_xLightWl2vS4/usr/bin/../lib/libwx_gtk3u_html-3.3.so.0" address="0x7f3d1f8892a8" size="0xe1408" version="0"/>
    <module path="/tmp/.mount_xLightWl2vS4/usr/bin/../lib/libwx_gtk3u_qa-3.3.so.0" address="0x7f3d1f8572a8" size="0x31490" version="0"/>
    <module path="/tmp/.mount_xLightWl2vS4/usr/bin/../lib/libwx_gtk3u_core-3.3.so.0" address="0x7f3d1ef862a8" size="0x8d0a78" version="0"/>
    <module path="/tmp/.mount_xLightWl2vS4/usr/bin/../lib/libwx_baseu_xml-3.3.so.0" address="0x7f3d1ef6e2a8" size="0x150c8" version="0"/>
    <module path="/tmp/.mount_xLightWl2vS4/usr/bin/../lib/libwx_baseu_net-3.3.so.0" address="0x7f3d1ef032a8" size="0x6a348" version="0"/>
    <module path="/tmp/.mount_xLightWl2vS4/usr/bin/../lib/libwx_baseu-3.3.so.0" address="0x7f3d1ec2a2e0" size="0x2d7e68" version="0"/>
    <module path="/tmp/.mount_xLightWl2vS4/usr/bin/../lib/liblua5.3.so.0" address="0x7f3d1ebeb2a8" size="0x3e020" version="0"/>
    <module path="/lib/x86_64-linux-gnu/libz.so.1" address="0x7f3d1ebcf2a8" size="0x1ae10" version="1"/>
    <module path="/tmp/.mount_xLightWl2vS4/usr/bin/../lib/libzstd.so.1" address="0x7f3d1eafb2a8" size="0xd38f0" version="1"/>
    <module path="/tmp/.mount_xLightWl2vS4/usr/bin/../lib/libwebp.so.7" address="0x7f3d1ea8b2a8" size="0x6da28" version="7"/>
    <module path="/tmp/.mount_xLightWl2vS4/usr/bin/../lib/libwebpdemux.so.2" address="0x7f3d1ea842a8" size="0x6328" version="2"/>
    <module path="/lib/x86_64-linux-gnu/libstdc++.so.6" address="0x7f3d1e8582e0" size="0x22b5e0" version="6"/>
    <module path="/lib/x86_64-linux-gnu/libm.so.6" address="0x7f3d1e7712a8" size="0xe5e60" version="6"/>
    <module path="/lib/x86_64-linux-gnu/libgcc_s.so.1" address="0x7f3d1e7512a8" size="0x1f040" version="1"/>
    <module path="/lib/x86_64-linux-gnu/libc.so.6" address="0x7f3d1e528040" size="0x228e10" version="6"/>
    <module path="/lib/x86_64-linux-gnu/libGLdispatch.so.0" address="0x7f3d1e46e2e0" size="0xb7058" version="0"/>
    <module path="/lib/x86_64-linux-gnu/libGLX.so.0" address="0x7f3d1e43a2a8" size="0x332e0" version="0"/>
    <module path="/tmp/.mount_xLightWl2vS4/usr/bin/../lib/libXi.so.6" address="0x7f3d1e4252a8" size="0x14b18" version="6"/>
    <module path="/tmp/.mount_xLightWl2vS4/usr/bin/../lib/libXxf86vm.so.1" address="0x7f3d1e41d2a8" size="0x73e0" version="1"/>
    <module path="/lib/x86_64-linux-gnu/libxcb.so.1" address="0x7f3d1e3f32a8" size="0x28fe0" version="1"/>
    <module path="/tmp/.mount_xLightWl2vS4/usr/bin/../lib/libnghttp2.so.14" address="0x7f3d1e3c52a8" size="0x2bac0" version="14"/>
    <module path="/tmp/.mount_xLightWl2vS4/usr/bin/../lib/libidn2.so.0" address="0x7f3d1e3a32a8" size="0x21448" version="0"/>
    <module path="/tmp/.mount_xLightWl2vS4/usr/bin/../lib/librtmp.so.1" address="0x7f3d1e3822a8" size="0x20190" version="1"/>
    <module path="/tmp/.mount_xLightWl2vS4/usr/bin/../lib/libssh.so.4" address="0x7f3d1e3102e0" size="0x715c0" version="4"/>
    <module path="/tmp/.mount_xLightWl2vS4/usr/bin/../lib/libpsl.so.5" address="0x7f3d1e2fb2a8" size="0x14400" version="5"/>
    <module path="/tmp/.mount_xLightWl2vS4/usr/bin/../lib/libssl.so.3" address="0x7f3d1e2502a8" size="0xaa150" version="3"/>
    <module path="/tmp/.mount_xLightWl2vS4/usr/bin/../lib/libcrypto.so.3" address="0x7f3d1dde62a8" size="0x469bb0" version="3"/>
    <module path="/tmp/.mount_xLightWl2vS4/usr/bin/../lib/libgssapi_krb5.so.2" address="0x7f3d1dd8d2a8" size="0x56b40" version="2"/>
    <module path="/tmp/.mount_xLightWl2vS4/usr/bin/../lib/libldap-2.5.so.0" address="0x7f3d1dd282a8" size="0x64398" version="0"/>
    <module path="/tmp/.mount_xLightWl2vS4/usr/bin/../lib/liblber-2.5.so.0" address="0x7f3d1dd152a8" size="0x11df8" version="0"/>
    <module path="/tmp/.mount_xLightWl2vS4/usr/bin/../lib/libbrotlidec.so.1" address="0x7f3d1dd062a8" size="0xe5a8" version="1"/>
    <module path="/tmp/.mount_xLightWl2vS4/usr/bin/../lib/libxml2.so.2" address="0x7f3d1db172a8" size="0x1ee548" version="2"/>
    <module path="/tmp/.mount_xLightWl2vS4/usr/bin/../lib/libbz2.so.1.0" address="0x7f3d1db012a8" size="0x13428" version="1.0"/>
    <module path="/tmp/.mount_xLightWl2vS4/usr/bin/../lib/libgme.so.0" address="0x7f3d1dab02a8" size="0x508d8" version="0"/>
    <module path="/tmp/.mount_xLightWl2vS4/usr/bin/../lib/libopenmpt.so.0" address="0x7f3d1d8e92a8" size="0x1c6780" version="0"/>
    <module path="/tmp/.mount_xLightWl2vS4/usr/bin/../lib/libchromaprint.so.1" address="0x7f3d1d8d92a8" size="0xf7b0" version="1"/>
    <module path="/tmp/.mount_xLightWl2vS4/usr/bin/../lib/libbluray.so.2" address="0x7f3d1d8812a8" size="0x57cf0" version="2"/>
    <module path="/tmp/.mount_xLightWl2vS4/usr/bin/../lib/libgnutls.so.30" address="0x7f3d1d6872e0" size="0x1f9ad0" version="30"/>
    <module path="/tmp/.mount_xLightWl2vS4/usr/bin/../lib/librabbitmq.so.4" address="0x7f3d1d66b2a8" size="0x19350" version="4"/>
    <module path="/tmp/.mount_xLightWl2vS4/usr/bin/../lib/libsrt-gnutls.so.1.4" address="0x7f3d1d5a02a8" size="0xca5e8" version="1.4"/>
    <module path="/tmp/.mount_xLightWl2vS4/usr/bin/../lib/libssh-gcrypt.so.4" address="0x7f3d1d5102e0" size="0x8f0a0" version="4"/>
    <module path="/tmp/.mount_xLightWl2vS4/usr/bin/../lib/libzmq.so.5" address="0x7f3d1d4722a8" size="0x9dcd8" version="5"/>
    <module path="/tmp/.mount_xLightWl2vS4/usr/bin/../lib/libvpx.so.7" address="0x7f3d1d166000" size="0x30b9a8" version="7"/>
    <module path="/tmp/.mount_xLightWl2vS4/usr/bin/../lib/libwebpmux.so.3" address="0x7f3d1d1512a8" size="0xd520" version="3"/>
    <module path="/tmp/.mount_xLightWl2vS4/usr/bin/../lib/liblzma.so.5" address="0x7f3d1d1242a8" size="0x2be00" version="5"/>
    <module path="/tmp/.mount_xLightWl2vS4/usr/bin/../lib/libdav1d.so.5" address="0x7f3d1cf9f000" size="0x184670" version="5"/>
    <module path="/tmp/.mount_xLightWl2vS4/usr/bin/../lib/librsvg-2.so.2" address="0x7f3d1c645000" size="0x957910" version="2"/>
    <module path="/tmp/.mount_xLightWl2vS4/usr/bin/../lib/libgobject-2.0.so.0" address="0x7f3d1c4c12a8" size="0x65098" version="0"/>
    <module path="/tmp/.mount_xLightWl2vS4/usr/bin/../lib/libglib-2.0.so.0" address="0x7f3d1c3792a8" size="0x146fa8" version="0"/>
    <module path="/tmp/.mount_xLightWl2vS4/usr/bin/../lib/libcairo.so.2" address="0x7f3d1c2492a8" size="0x12dc28" version="2"/>
    <module path="/tmp/.mount_xLightWl2vS4/usr/bin/../lib/libzvbi.so.0" address="0x7f3d1c1b62a8" size="0x924f0" version="0"/>
    <module path="/tmp/.mount_xLightWl2vS4/usr/bin/../lib/libsnappy.so.1" address="0x7f3d1c1aa2a8" size="0xad98" version="1"/>
    <module path="/tmp/.mount_xLightWl2vS4/usr/bin/../lib/libaom.so.3" address="0x7f3d1bc4d000" size="0x55ce40" version="3"/>
    <module path="/tmp/.mount_xLightWl2vS4/usr/bin/../lib/libcodec2.so.1.0" address="0x7f3d1ad8d2a8" size="0xeab580" version="1.0"/>
    <module path="/tmp/.mount_xLightWl2vS4/usr/bin/../lib/libgsm.so.1" address="0x7f3d1ad7d2a8" size="0xf400" version="1"/>
    <module path="/tmp/.mount_xLightWl2vS4/usr/bin/../lib/libmp3lame.so.0" address="0x7f3d1ad042a8" size="0x76cb8" version="0"/>
    <module path="/tmp/.mount_xLightWl2vS4/usr/bin/../lib/libopenjp2.so.7" address="0x7f3d1acab2a8" size="0x58840" version="7"/>
    <module path="/tmp/.mount_xLightWl2vS4/usr/bin/../lib/libopus.so.0" address="0x7f3d1ac4c2a8" size="0x5ea58" version="0"/>
    <module path="/tmp/.mount_xLightWl2vS4/usr/bin/../lib/libshine.so.3" address="0x7f3d1aa08fc0" size="0x202478" version="3"/>
    <module path="/tmp/.mount_xLightWl2vS4/usr/bin/../lib/libspeex.so.1" address="0x7f3d1ac2d2a8" size="0x1e780" version="1"/>
    <module path="/tmp/.mount_xLightWl2vS4/usr/bin/../lib/libtheoraenc.so.1" address="0x7f3d1a9c72a8" size="0x382f8" version="1"/>
    <module path="/tmp/.mount_xLightWl2vS4/usr/bin/../lib/libtheoradec.so.1" address="0x7f3d1ac0c2a8" size="0x1e738" version="1"/>
    <module path="/tmp/.mount_xLightWl2vS4/usr/bin/../lib/libtwolame.so.0" address="0x7f3d1a9a12a8" size="0x25a58" version="0"/>
    <module path="/tmp/.mount_xLightWl2vS4/usr/bin/../lib/libvorbis.so.0" address="0x7f3d1a9722a8" size="0x2de10" version="0"/>
    <module path="/tmp/.mount_xLightWl2vS4/usr/bin/../lib/libvorbisenc.so.2" address="0x7f3d1a8c62a8" size="0xab2b0" version="2"/>
    <module path="/tmp/.mount_xLightWl2vS4/usr/bin/../lib/libx264.so.163" address="0x7f3d1a609000" size="0x2bcd28" version="163"/>
    <module path="/tmp/.mount_xLightWl2vS4/usr/bin/../lib/libx265.so.199" address="0x7f3d196b7000" size="0xf4c5a8" version="199"/>
    <module path="/tmp/.mount_xLightWl2vS4/usr/bin/../lib/libxvidcore.so.4" address="0x7f3d19567000" size="0x111568" version="4"/>
    <module path="/tmp/.mount_xLightWl2vS4/usr/bin/../lib/libva.so.2" address="0x7f3d195332a8" size="0x31cc0" version="2"/>
    <module path="/tmp/.mount_xLightWl2vS4/usr/bin/../lib/libmfx.so.1" address="0x7f3d195232a8" size="0xef68" version="1"/>
    <module path="/tmp/.mount_xLightWl2vS4/usr/bin/../lib/libva-drm.so.2" address="0x7f3d1951d2a8" size="0x53d8" version="2"/>
    <module path="/tmp/.mount_xLightWl2vS4/usr/bin/../lib/libva-x11.so.2" address="0x7f3d195142a8" size="0x8440" version="2"/>
    <module path="/tmp/.mount_xLightWl2vS4/usr/bin/../lib/libvdpau.so.1" address="0x7f3d1950b2a8" size="0x6628" version="1"/>
    <module path="/lib/x86_64-linux-gnu/libdrm.so.2" address="0x7f3d194f52a8" size="0x15950" version="2"/>
    <module path="/tmp/.mount_xLightWl2vS4/usr/bin/../lib/libOpenCL.so.1" address="0x7f3d194e12e0" size="0x13130" version="1"/>
    <module path="/tmp/.mount_xLightWl2vS4/usr/bin/../lib/libsoxr.so.0" address="0x7f3d194792a8" size="0x67380" version="0"/>
    <module path="/lib/x86_64-linux-gnu/libasound.so.2" address="0x7f3d193762e0" size="0x102230" version="2"/>
    <module path="/tmp/.mount_xLightWl2vS4/usr/bin/../lib/libpulse.so.0" address="0x7f3d1931f2a8" size="0x53da8" version="0"/>
    <module path="/tmp/.mount_xLightWl2vS4/usr/bin/../lib/libXext.so.6" address="0x7f3d193082a8" size="0x16168" version="6"/>
    <module path="/tmp/.mount_xLightWl2vS4/usr/bin/../lib/libXcursor.so.1" address="0x7f3d192fb2a8" size="0xca40" version="1"/>
    <module path="/tmp/.mount_xLightWl2vS4/usr/bin/../lib/libXinerama.so.1" address="0x7f3d192f52a8" size="0x5440" version="1"/>
    <module path="/tmp/.mount_xLightWl2vS4/usr/bin/../lib/libXfixes.so.3" address="0x7f3d192ec2a8" size="0x85f8" version="3"/>
    <module path="/tmp/.mount_xLightWl2vS4/usr/bin/../lib/libXrandr.so.2" address="0x7f3d192de2a8" size="0xd958" version="2"/>
    <module path="/tmp/.mount_xLightWl2vS4/usr/bin/../lib/libXss.so.1" address="0x7f3d192d62a8" size="0x5588" version="1"/>
    <module path="/lib/x86_64-linux-gnu/libgbm.so.1" address="0x7f3d192c52a8" size="0x101c0" version="1"/>
    <module path="/tmp/.mount_xLightWl2vS4/usr/bin/../lib/libwayland-egl.so.1" address="0x7f3d192bf2a8" size="0x51b8" version="1"/>
    <module path="/tmp/.mount_xLightWl2vS4/usr/bin/../lib/libwayland-client.so.0" address="0x7f3d192ad2a8" size="0x11b90" version="0"/>
    <module path="/tmp/.mount_xLightWl2vS4/usr/bin/../lib/libwayland-cursor.so.0" address="0x7f3d192a22a8" size="0xa718" version="0"/>
    <module path="/tmp/.mount_xLightWl2vS4/usr/bin/../lib/libxkbcommon.so.0" address="0x7f3d192592a8" size="0x47db0" version="0"/>
    <module path="/tmp/.mount_xLightWl2vS4/usr/bin/../lib/libdecor-0.so.0" address="0x7f3d1924c2a8" size="0xaa88" version="0"/>
    <module path="/tmp/.mount_xLightWl2vS4/usr/bin/../lib/libgtk-3.so.0" address="0x7f3d189ed2a8" size="0x85eaa0" version="0"/>
    <module path="/tmp/.mount_xLightWl2vS4/usr/bin/../lib/libgdk-3.so.0" address="0x7f3d188da2a8" size="0x1128e0" version="0"/>
    <module path="/lib/x86_64-linux-gnu/libEGL.so.1" address="0x7f3d188c72a8" size="0x12400" version="1"/>
    <module path="/tmp/.mount_xLightWl2vS4/usr/bin/../lib/libpangocairo-1.0.so.0" address="0x7f3d188b32a8" size="0x13738" version="0"/>
    <module path="/tmp/.mount_xLightWl2vS4/usr/bin/../lib/libpango-1.0.so.0" address="0x7f3d188432a8" size="0x6d218" version="0"/>
    <module path="/tmp/.mount_xLightWl2vS4/usr/bin/../lib/libgdk_pixbuf-2.0.so.0" address="0x7f3d188102a8" size="0x32858" version="0"/>
    <module path="/tmp/.mount_xLightWl2vS4/usr/bin/../lib/libgio-2.0.so.0" address="0x7f3d186202a8" size="0x1ef9a8" version="0"/>
    <module path="/lib/x86_64-linux-gnu/libSM.so.6" address="0x7f3d186152a8" size="0x9ec8" version="6"/>
    <module path="/tmp/.mount_xLightWl2vS4/usr/bin/../lib/libXtst.so.6" address="0x7f3d1860c2a8" size="0x8500" version="6"/>
    <module path="/tmp/.mount_xLightWl2vS4/usr/bin/../lib/libpangoft2-1.0.so.0" address="0x7f3d185ee2a8" size="0x1d858" version="0"/>
    <module path="/lib/x86_64-linux-gnu/libfontconfig.so.1" address="0x7f3d185a22a8" size="0x493b8" version="1"/>
    <module path="/tmp/.mount_xLightWl2vS4/usr/bin/../lib/libpng16.so.16" address="0x7f3d185642a8" size="0x3d090" version="16"/>
    <module path="/tmp/.mount_xLightWl2vS4/usr/bin/../lib/libjpeg.so.8" address="0x7f3d184e5000" size="0x7e108" version="8"/>
    <module path="/lib/x86_64-linux-gnu/libexpat.so.1" address="0x7f3d184b02a8" size="0x2fe10" version="1"/>
    <module path="/tmp/.mount_xLightWl2vS4/usr/bin/../lib/libpcre2-32.so.0" address="0x7f3d1842a2a8" size="0x85b40" version="0"/>
    <module path="/lib64/ld-linux-x86-64.so.2" address="0x7f3d21b082a8" size="0x3b030" version="2"/>
    <module path="/lib/x86_64-linux-gnu/libXau.so.6" address="0x7f3d184222a8" size="0x4e60" version="6"/>
    <module path="/lib/x86_64-linux-gnu/libXdmcp.so.6" address="0x7f3d1841a2a8" size="0x6dd8" version="6"/>
    <module path="/tmp/.mount_xLightWl2vS4/usr/bin/../lib/libunistring.so.2" address="0x7f3d1826a2a8" size="0x1af030" version="2"/>
    <module path="/tmp/.mount_xLightWl2vS4/usr/bin/../lib/libhogweed.so.6" address="0x7f3d1821e2a8" size="0x4ad88" version="6"/>
    <module path="/tmp/.mount_xLightWl2vS4/usr/bin/../lib/libnettle.so.8" address="0x7f3d181d32a8" size="0x49dd0" version="8"/>
    <module path="/lib/x86_64-linux-gnu/libgmp.so.10" address="0x7f3d1814f2a8" size="0x80f68" version="10"/>
    <module path="/tmp/.mount_xLightWl2vS4/usr/bin/../lib/libkrb5.so.3" address="0x7f3d1807d2a8" size="0xd0f10" version="3"/>
    <module path="/tmp/.mount_xLightWl2vS4/usr/bin/../lib/libk5crypto.so.3" address="0x7f3d1804c2a8" size="0x2fea0" version="3"/>
    <module path="/lib/x86_64-linux-gnu/libcom_err.so.2" address="0x7f3d180462e0" size="0x4d68" version="2"/>
    <module path="/tmp/.mount_xLightWl2vS4/usr/bin/../lib/libkrb5support.so.0" address="0x7f3d180362a8" size="0xee00" version="0"/>
    <module path="/tmp/.mount_xLightWl2vS4/usr/bin/../lib/libsasl2.so.2" address="0x7f3d180182a8" size="0x1b9b8" version="2"/>
    <module path="/tmp/.mount_xLightWl2vS4/usr/bin/../lib/libbrotlicommon.so.1" address="0x7f3d17ff42a8" size="0x23288" version="1"/>
    <module path="/tmp/.mount_xLightWl2vS4/usr/bin/../lib/libicuuc.so.70" address="0x7f3d17dce2a8" size="0x225cf0" version="70"/>
    <module path="/tmp/.mount_xLightWl2vS4/usr/bin/../lib/libmpg123.so.0" address="0x7f3d17d75000" size="0x58198" version="0"/>
    <module path="/tmp/.mount_xLightWl2vS4/usr/bin/../lib/libvorbisfile.so.3" address="0x7f3d17d642a8" size="0xb6e8" version="3"/>
    <module path="/lib/x86_64-linux-gnu/libfreetype.so.6" address="0x7f3d17c9a2a8" size="0xc6d68" version="6"/>
    <module path="/tmp/.mount_xLightWl2vS4/usr/bin/../lib/libudfread.so.0" address="0x7f3d17c8e2a8" size="0xb310" version="0"/>
    <module path="/tmp/.mount_xLightWl2vS4/usr/bin/../lib/libp11-kit.so.0" address="0x7f3d17b512e0" size="0x13c268" version="0"/>
    <module path="/tmp/.mount_xLightWl2vS4/usr/bin/../lib/libtasn1.so.6" address="0x7f3d17b382a8" size="0x18638" version="6"/>
    <module path="/tmp/.mount_xLightWl2vS4/usr/bin/../lib/libgcrypt.so.20" address="0x7f3d179f82a8" size="0x13f9d0" version="20"/>
    <module path="/lib/x86_64-linux-gnu/libgpg-error.so.0" address="0x7f3d179d02a8" size="0x24f10" version="0"/>
    <module path="/tmp/.mount_xLightWl2vS4/usr/bin/../lib/libbsd.so.0" address="0x7f3d179b62a8" size="0x18dd8" version="0"/>
    <module path="/tmp/.mount_xLightWl2vS4/usr/bin/../lib/libsodium.so.23" address="0x7f3d17963000" size="0x52490" version="23"/>
    <module path="/tmp/.mount_xLightWl2vS4/usr/bin/../lib/libpgm-5.3.so.0" address="0x7f3d179042a8" size="0x51eb8" version="0"/>
    <module path="/tmp/.mount_xLightWl2vS4/usr/bin/../lib/libnorm.so.1" address="0x7f3d177d72a8" size="0x12c710" version="1"/>
    <module path="/tmp/.mount_xLightWl2vS4/usr/bin/../lib/libcairo-gobject.so.2" address="0x7f3d177c82a8" size="0xc818" version="2"/>
    <module path="/tmp/.mount_xLightWl2vS4/usr/bin/../lib/libffi.so.8" address="0x7f3d177ba2a8" size="0xd5f8" version="8"/>
    <module path="/tmp/.mount_xLightWl2vS4/usr/bin/../lib/libpcre.so.3" address="0x7f3d177432a8" size="0x76468" version="3"/>
    <module path="/tmp/.mount_xLightWl2vS4/usr/bin/../lib/libpixman-1.so.0" address="0x7f3d176962e0" size="0xac590" version="0"/>
    <module path="/tmp/.mount_xLightWl2vS4/usr/bin/../lib/libxcb-shm.so.0" address="0x7f3d176902a8" size="0x5360" version="0"/>
    <module path="/tmp/.mount_xLightWl2vS4/usr/bin/../lib/libxcb-render.so.0" address="0x7f3d1767c2a8" size="0x11808" version="0"/>
    <module path="/tmp/.mount_xLightWl2vS4/usr/bin/../lib/libXrender.so.1" address="0x7f3d1766e2a8" size="0xd778" version="1"/>
    <module path="/tmp/.mount_xLightWl2vS4/usr/bin/../lib/libogg.so.0" address="0x7f3d176622a8" size="0xb788" version="0"/>
    <module path="/tmp/.mount_xLightWl2vS4/usr/bin/../lib/libnuma.so.1" address="0x7f3d176542e0" size="0xdc68" version="1"/>
    <module path="/lib/x86_64-linux-gnu/libpthread.so.0" address="0x7f3d1764f2a8" size="0x3d80" version="0"/>
    <module path="/tmp/.mount_xLightWl2vS4/usr/bin/../lib/libgomp.so.1" address="0x7f3d175fe2e0" size="0x4e4e0" version="1"/>
    <module path="/tmp/.mount_xLightWl2vS4/usr/bin/../lib/libpulsecommon-15.99.so" address="0x7f3d175712a8" size="0x8c018" version="15.99"/>
    <module path="/tmp/.mount_xLightWl2vS4/usr/bin/../lib/libdbus-1.so.3" address="0x7f3d1751d2a8" size="0x52f20" version="3"/>
    <module path="/lib/x86_64-linux-gnu/libwayland-server.so.0" address="0x7f3d175072a8" size="0x15378" version="0"/>
    <module path="/lib/x86_64-linux-gnu/libxcb-randr.so.0" address="0x7f3d174f42a8" size="0x11dc0" version="0"/>
    <module path="/tmp/.mount_xLightWl2vS4/usr/bin/../lib/libgmodule-2.0.so.0" address="0x7f3d174ea2a8" size="0x73b0" version="0"/>
    <module path="/tmp/.mount_xLightWl2vS4/usr/bin/../lib/libatk-1.0.so.0" address="0x7f3d174bc2a8" size="0x2d648" version="0"/>
    <module path="/tmp/.mount_xLightWl2vS4/usr/bin/../lib/libatk-bridge-2.0.so.0" address="0x7f3d174802a8" size="0x3b360" version="0"/>
    <module path="/tmp/.mount_xLightWl2vS4/usr/bin/../lib/libepoxy.so.0" address="0x7f3d1732c2a8" size="0x153510" version="0"/>
    <module path="/lib/x86_64-linux-gnu/libfribidi.so.0" address="0x7f3d173102a8" size="0x1ae30" version="0"/>
    <module path="/lib/x86_64-linux-gnu/libharfbuzz.so.0" address="0x7f3d1723f2a8" size="0xcea30" version="0"/>
    <module path="/tmp/.mount_xLightWl2vS4/usr/bin/../lib/libXcomposite.so.1" address="0x7f3d172392a8" size="0x5298" version="1"/>
    <module path="/tmp/.mount_xLightWl2vS4/usr/bin/../lib/libXdamage.so.1" address="0x7f3d172332a8" size="0x5478" version="1"/>
    <module path="/tmp/.mount_xLightWl2vS4/usr/bin/../lib/libthai.so.0" address="0x7f3d172272a8" size="0xb8f0" version="0"/>
    <module path="/tmp/.mount_xLightWl2vS4/usr/bin/../lib/libmount.so.1" address="0x7f3d171e02a8" size="0x46a68" version="1"/>
    <module path="/tmp/.mount_xLightWl2vS4/usr/bin/../lib/libselinux.so.1" address="0x7f3d171af2e0" size="0x2e198" version="1"/>
    <module path="/lib/x86_64-linux-gnu/libICE.so.6" address="0x7f3d171922a8" size="0x1ccb0" version="6"/>
    <module path="/lib/x86_64-linux-gnu/libuuid.so.1" address="0x7f3d171892e0" size="0x7d38" version="1"/>
    <module path="/tmp/.mount_xLightWl2vS4/usr/bin/../lib/libkeyutils.so.1" address="0x7f3d171812a8" size="0x7688" version="1"/>
    <module path="/lib/x86_64-linux-gnu/libresolv.so.2" address="0x7f3d1716d2a8" size="0x137a0" version="2"/>
    <module path="/tmp/.mount_xLightWl2vS4/usr/bin/../lib/libicudata.so.70" address="0x7f3d1554c270" size="0x1c1e070" version="70"/>
    <module path="/tmp/.mount_xLightWl2vS4/usr/bin/../lib/libmd.so.0" address="0x7f3d1553e2a8" size="0xd640" version="0"/>
    <module path="/tmp/.mount_xLightWl2vS4/usr/bin/../lib/libsndfile.so.1" address="0x7f3d154bd2a8" size="0x80000" version="1"/>
    <module path="/lib/x86_64-linux-gnu/libX11-xcb.so.1" address="0x7f3d154b82a8" size="0x3d80" version="1"/>
    <module path="/tmp/.mount_xLightWl2vS4/usr/bin/../lib/libsystemd.so.0" address="0x7f3d153e92e0" size="0xcc9f0" version="0"/>
    <module path="/tmp/.mount_xLightWl2vS4/usr/bin/../lib/libasyncns.so.0" address="0x7f3d153e02a8" size="0x8368" version="0"/>
    <module path="/tmp/.mount_xLightWl2vS4/usr/bin/../lib/libapparmor.so.1" address="0x7f3d153ca2a8" size="0x15bf8" version="1"/>
    <module path="/tmp/.mount_xLightWl2vS4/usr/bin/../lib/libatspi.so.0" address="0x7f3d1538a2a8" size="0x3ee70" version="0"/>
    <module path="/lib/x86_64-linux-gnu/libgraphite2.so.3" address="0x7f3d153632a8" size="0x25e08" version="3"/>
    <module path="/tmp/.mount_xLightWl2vS4/usr/bin/../lib/libdatrie.so.1" address="0x7f3d153572a8" size="0x94a8" version="1"/>
    <module path="/tmp/.mount_xLightWl2vS4/usr/bin/../lib/libblkid.so.1" address="0x7f3d1531e2a8" size="0x382c0" version="1"/>
    <module path="/tmp/.mount_xLightWl2vS4/usr/bin/../lib/libpcre2-8.so.0" address="0x7f3d152862a8" size="0x97b18" version="0"/>
    <module path="/tmp/.mount_xLightWl2vS4/usr/bin/../lib/libFLAC.so.8" address="0x7f3d152462a8" size="0x3fb20" version="8"/>
    <module path="/tmp/.mount_xLightWl2vS4/usr/bin/../lib/liblz4.so.1" address="0x7f3d152252a8" size="0x20c78" version="1"/>
    <module path="/tmp/.mount_xLightWl2vS4/usr/bin/../lib/libcap.so.2" address="0x7f3d152172a8" size="0xb690" version="2"/>
    <module path="/usr/lib/x86_64-linux-gnu/gconv/UTF-32.so" address="0x7f3d21af52a8" size="0x4db8" version="32"/>
    <module path="/usr/lib/x86_64-linux-gnu/gio/modules/libgvfsdbus.so" address="0x7f3d04c162a8" size="0x34048" version="gnu/gio/modules/libgvfsdbus"/>
    <module path="/usr/lib/x86_64-linux-gnu/gvfs/libgvfscommon.so" address="0x7f3d04bd32a8" size="0x42010" version="gnu/gvfs/libgvfscommon"/>
    <module path="/lib/x86_64-linux-gnu/libnss_mdns4_minimal.so.2" address="0x7f3cfdbbc2a8" size="0x4d68" version="2"/>
    <module path="/lib/x86_64-linux-gnu/libEGL_mesa.so.0" address="0x7f3cfdb732e0" size="0x48cc0" version="0"/>
    <module path="/lib/x86_64-linux-gnu/libglapi.so.0" address="0x7f3cfdb3e2e0" size="0x33da0" version="0"/>
    <module path="/lib/x86_64-linux-gnu/libxcb-dri2.so.0" address="0x7f3cfdb372a8" size="0x5db0" version="0"/>
    <module path="/lib/x86_64-linux-gnu/libxcb-xfixes.so.0" address="0x7f3cfdb2d2a8" size="0x8db0" version="0"/>
    <module path="/lib/x86_64-linux-gnu/libxcb-dri3.so.0" address="0x7f3cfdb262a8" size="0x5dc0" version="0"/>
    <module path="/lib/x86_64-linux-gnu/libxcb-present.so.0" address="0x7f3cfdb212a8" size="0x3db0" version="0"/>
    <module path="/lib/x86_64-linux-gnu/libxcb-sync.so.1" address="0x7f3cfdb172a8" size="0x8dd0" version="1"/>
    <module path="/lib/x86_64-linux-gnu/libxshmfence.so.1" address="0x7f3cfdb122a8" size="0x3dd0" version="1"/>
    <module path="/usr/lib/x86_64-linux-gnu/dri/radeonsi_dri.so" address="0x7f3ce9f252e0" size="0x20dabb0" version="gnu/dri/radeonsi_dri"/>
    <module path="/lib/x86_64-linux-gnu/libLLVM-15.so.1" address="0x7f3cdd00e040" size="0x6ff1d29" version="1"/>
    <module path="/lib/x86_64-linux-gnu/libsensors.so.5" address="0x7f3cfdb022a8" size="0xf190" version="5"/>
    <module path="/lib/x86_64-linux-gnu/libdrm_radeon.so.1" address="0x7f3cfdaf32a8" size="0xde80" version="1"/>
    <module path="/lib/x86_64-linux-gnu/libelf.so.1" address="0x7f3cfdad52e0" size="0x1cea8" version="1"/>
    <module path="/lib/x86_64-linux-gnu/libdrm_amdgpu.so.1" address="0x7f3cfdac92a8" size="0xafc0" version="1"/>
    <module path="/lib/x86_64-linux-gnu/libdrm_nouveau.so.2" address="0x7f3cfdabe2a8" size="0x9e80" version="2"/>
    <module path="/lib/x86_64-linux-gnu/libdrm_intel.so.1" address="0x7f3cfda982a8" size="0x25500" version="1"/>
    <module path="/lib/x86_64-linux-gnu/libedit.so.2" address="0x7f3cfda5e2a8" size="0x38d98" version="2"/>
    <module path="/lib/x86_64-linux-gnu/libtinfo.so.6" address="0x7f3cfda2c2a8" size="0x31678" version="6"/>
    <module path="/lib/x86_64-linux-gnu/libpciaccess.so.0" address="0x7f3cfda212a8" size="0x9ee8" version="0"/>
    <module path="/tmp/.mount_xLightWl2vS4/usr/bin/../lib/libpixbufloader-svg.so" address="0x7f3cfdbd72a8" size="0x5398" version="svg"/>
    <module path="/usr/lib/x86_64-linux-gnu/gio/modules/libgioremote-volume-monitor.so" address="0x7f3cfc06c2a8" size="0x1bee0" version="monitor"/>
    <module path="/usr/lib/x86_64-linux-gnu/gio/modules/libdconfsettings.so" address="0x7f3ce804f2a8" size="0xee38" version="gnu/gio/modules/libdconfsettings"/>
  </modules>
  <stack>
    <frame level="0" function="xlCrashHandler::HandleCrash(bool, std::__cxx11::basic_string&lt;char, std::char_traits&lt;char&gt;, std::allocator&lt;char&gt; &gt; const&amp;)" offset="0" address="0x557c4ba27a16"/>
    <frame level="1" function="xlGLBaseApp::OnFatalException()" offset="0" address="0x557c4af085b0"/>
    <frame level="2" function="std::vector&lt;wxThread*, std::allocator&lt;wxThread*&gt; &gt;::_M_fill_insert(__gnu_cxx::__normal_iterator&lt;wxThread**, std::vector&lt;wxThread*, std::allocator&lt;wxThread*&gt; &gt; &gt;, unsigned long, wxThread* const&amp;)" offset="0" address="0x7f3d1ee20fd6"/>
    <frame level="3" function="__restore_rt" offset="0" address="0x7f3d1e56a520" file="libc_sigaction.c" line="0"/>
    <frame level="4" function="__dynamic_cast" offset="0" address="0x7f3d1e904cd1"/>
    <frame level="5" function="LayoutPanel::SetupPropGrid(BaseObject*)" offset="0" address="0x557c4b12625a"/>
    <frame level="6" function="LayoutPanel::SelectViewObject(ViewObject*, bool)" offset="0" address="0x557c4b1274ab"/>
    <frame level="7" function="LayoutPanel::OnSelectionChanged(wxTreeListEvent&amp;)" offset="0" address="0x557c4b155c84"/>
    <frame level="8" function="wxEvtHandler::ProcessEventIfMatchesId(wxEventTableEntryBase const&amp;, wxEvtHandler*, wxEvent&amp;)" offset="0" address="0x7f3d1ee524b6"/>
    <frame level="9" function="wxEventHashTable::HandleEvent(wxEvent&amp;, wxEvtHandler*)" offset="0" address="0x7f3d1ee53a6b"/>
    <frame level="10" function="wxEvtHandler::TryHereOnly(wxEvent&amp;)" offset="0" address="0x7f3d1ee53acd"/>
    <frame level="11" function="wxEvtHandler::ProcessEventLocally(wxEvent&amp;)" offset="0" address="0x7f3d1ee53b4f"/>
    <frame level="12" function="wxEvtHandler::ProcessEvent(wxEvent&amp;)" offset="0" address="0x7f3d1ee53c51"/>
    <frame level="13" function="wxWindowBase::TryAfter(wxEvent&amp;)" offset="0" address="0x7f3d1f51b5ee"/>
    <frame level="14" function="wxWindowBase::TryAfter(wxEvent&amp;)" offset="0" address="0x7f3d1f51b5ee"/>
    <frame level="15" function="wxWindowBase::TryAfter(wxEvent&amp;)" offset="0" address="0x7f3d1f51b5ee"/>
    <frame level="16" function="wxWindowBase::TryAfter(wxEvent&amp;)" offset="0" address="0x7f3d1f51b5ee"/>
    <frame level="17" function="wxWindowBase::TryAfter(wxEvent&amp;)" offset="0" address="0x7f3d1f51b5ee"/>
    <frame level="18" function="wxWindowBase::TryAfter(wxEvent&amp;)" offset="0" address="0x7f3d1f51b5ee"/>
    <frame level="19" function="wxWindowBase::TryAfter(wxEvent&amp;)" offset="0" address="0x7f3d1f51b5ee"/>
    <frame level="20" function="wxWindowBase::TryAfter(wxEvent&amp;)" offset="0" address="0x7f3d1f51b5ee"/>
    <frame level="21" function="wxWindowBase::TryAfter(wxEvent&amp;)" offset="0" address="0x7f3d1f51b5ee"/>
    <frame level="22" function="wxTreeListCtrl::SendItemEvent(int, wxDataViewEvent&amp;)" offset="0" address="0x7f3d1f610d77"/>
    <frame level="23" function="wxEvtHandler::ProcessEventIfMatchesId(wxEventTableEntryBase const&amp;, wxEvtHandler*, wxEvent&amp;)" offset="0" address="0x7f3d1ee524b6"/>
    <frame level="24" function="wxEventHashTable::HandleEvent(wxEvent&amp;, wxEvtHandler*)" offset="0" address="0x7f3d1ee53a6b"/>
    <frame level="25" function="wxEvtHandler::TryHereOnly(wxEvent&amp;)" offset="0" address="0x7f3d1ee53acd"/>
    <frame level="26" function="wxEvtHandler::ProcessEventLocally(wxEvent&amp;)" offset="0" address="0x7f3d1ee53b4f"/>
    <frame level="27" function="wxEvtHandler::ProcessEvent(wxEvent&amp;)" offset="0" address="0x7f3d1ee53c51"/>
    <frame level="28" function="wxWindowBase::TryAfter(wxEvent&amp;)" offset="0" address="0x7f3d1f51b5ee"/>
    <frame level="29" function="wxEvtHandler::SafelyProcessEvent(wxEvent&amp;)" offset="0" address="0x7f3d1ee53d3b"/>
    <frame level="30" function="wxDataViewIconTextRenderer::GtkGetValueFromString(wxString const&amp;) const" offset="0" address="0x7f3d1f3de3d1"/>
    <frame level="31" function="g_signal_emit_valist" offset="0" address="0x7f3d1c4f3700"/>
    <frame level="32" function="g_signal_emit_by_name" offset="0" address="0x7f3d1c4f3a8e"/>
    <frame level="33" function="gtk_tree_view_set_fixed_height_mode" offset="0" address="0x7f3d18d709f7"/>
    <frame level="34" function="g_closure_invoke" offset="0" address="0x7f3d1c4d5d2f"/>
    <frame level="35" function="g_signal_handlers_destroy" offset="0" address="0x7f3d1c4f1c36"/>
    <frame level="36" function="g_signal_emit_valist" offset="0" address="0x7f3d1c4f3614"/>
    <frame level="37" function="g_signal_emit" offset="0" address="0x7f3d1c4f3863"/>
    <frame level="38" function="wxDataViewCtrl::HitTest(wxPoint const&amp;, wxDataViewItem&amp;, wxDataViewColumn*&amp;) const" offset="0" address="0x7f3d1f3d9997"/>
    <frame level="39" function="wxDataViewModel::ItemDeleted(wxDataViewItem const&amp;, wxDataViewItem const&amp;)" offset="0" address="0x7f3d1f616d8f"/>
    <frame level="40" function="wxTreeListCtrl::OnSize(wxSizeEvent&amp;)" offset="0" address="0x7f3d1f60e567"/>
    <frame level="41" function="ViewObjectPanel::UpdateObjectList(bool, std::vector&lt;ViewObject*, std::allocator&lt;ViewObject*&gt; &gt;&amp;, std::__cxx11::basic_string&lt;char, std::char_traits&lt;char&gt;, std::allocator&lt;char&gt; &gt;&amp;)" offset="0" address="0x557c4b803561"/>
    <frame level="42" function="ViewObjectPanel::UpdateObjectList(bool, std::__cxx11::basic_string&lt;char, std::char_traits&lt;char&gt;, std::allocator&lt;char&gt; &gt;&amp;)" offset="0" address="0x557c4b803727"/>
    <frame level="43" function="LayoutPanel::UpdateModelList(bool)" offset="0" address="0x557c4b14840f"/>
    <frame level="44" function="xLightsFrame::UpdateModelsList()" offset="0" address="0x557c4b887c5f"/>
    <frame level="45" function="xLightsFrame::DoWork(unsigned int, std::__cxx11::basic_string&lt;char, std::char_traits&lt;char&gt;, std::allocator&lt;char&gt; &gt; const&amp;, BaseObject*, std::__cxx11::basic_string&lt;char, std::char_traits&lt;char&gt;, std::allocator&lt;char&gt; &gt; const&amp;)" offset="0" address="0x557c4b87baf1"/>
    <frame level="46" function="xLightsFrame::DoASAPWork()" offset="0" address="0x557c4b87c0d4"/>
    <frame level="47" function="wxEvtHandler::TryHereOnly(wxEvent&amp;)" offset="0" address="0x7f3d1ee53b00"/>
    <frame level="48" function="wxEvtHandler::ProcessEventLocally(wxEvent&amp;)" offset="0" address="0x7f3d1ee53b4f"/>
    <frame level="49" function="wxEvtHandler::ProcessEvent(wxEvent&amp;)" offset="0" address="0x7f3d1ee53c51"/>
    <frame level="50" function="wxEvtHandler::SafelyProcessEvent(wxEvent&amp;)" offset="0" address="0x7f3d1ee53d3b"/>
    <frame level="51" function="wxEvtHandler::ProcessPendingEvents()" offset="0" address="0x7f3d1ee53e2a"/>
    <frame level="52" function="wxAppConsoleBase::ProcessPendingEvents()" offset="0" address="0x7f3d1ecd6404"/>
    <frame level="53" function="wxApp::DoIdle()" offset="0" address="0x7f3d1f2e8005"/>
    <frame level="54" function="wxApp::DoIdle()" offset="0" address="0x7f3d1f2e80d7"/>
    <frame level="55" function="g_main_context_dispatch" offset="0" address="0x7f3d1c3cec44"/>
    <frame level="56" function="g_io_channel_new_file" offset="0" address="0x7f3d1c424258"/>
    <frame level="57" function="g_main_loop_run" offset="0" address="0x7f3d1c3ce2b3"/>
    <frame level="58" function="gtk_main" offset="0" address="0x7f3d18c35cfd"/>
    <frame level="59" function="wxGUIEventLoop::DoRun()" offset="0" address="0x7f3d1f308dc5"/>
    <frame level="60" function="wxEventLoopBase::Run()" offset="0" address="0x7f3d1ed10bc1"/>
    <frame level="61" function="wxAppConsoleBase::MainLoop()" offset="0" address="0x7f3d1ecd316f"/>
    <frame level="62" function="wxEntry(int&amp;, wchar_t**)" offset="0" address="0x7f3d1ed5f2d5"/>
    <frame level="63" function="main" offset="0" address="0x557c4a9a52fd"/>
    <frame level="64" function="__libc_start_call_main" offset="0" address="0x7f3d1e551d90" file="./csu/../sysdeps/nptl/libc_start_call_main.h" line="58"/>
    <frame level="65" function="call_init" offset="0" address="0x7f3d1e551e40" file="./csu/../csu/libc-start.c" line="128"/>
    <frame level="66" function="_start" offset="0" address="0x557c4a9d5905"/>
  </stack>
</report>
