<?xml version="1.0" encoding="UTF-8"?>
<report version="1.0" kind="exception">
  <system description="Linux 5.15.0-122-lowlatency x86_64"/>
  <modules>
    <module address="0x5618f5866040" size="0x2eb07f8"/>
    <module path="linux-vdso.so.1" address="0x7ffd2b3c33e0" size="0x1c8" version="1"/>
    <module path="/lib/x86_64-linux-gnu/libGL.so.1" address="0x7f14efc7a2a8" size="0x86668" version="1"/>
    <module path="/tmp/.mount_xLighto2c5Ak/usr/bin/../lib/libglut.so.3" address="0x7f14efc2a2a8" size="0x4f1c8" version="3"/>
    <module path="/lib/x86_64-linux-gnu/libX11.so.6" address="0x7f14efaea2a8" size="0x13fa88" version="6"/>
    <module path="/tmp/.mount_xLighto2c5Ak/usr/bin/../lib/libcurl.so.4" address="0x7f14efa402a8" size="0xa9a18" version="4"/>
    <module path="/tmp/.mount_xLighto2c5Ak/usr/bin/../lib/libavformat.so.58" address="0x7f14ef7a22a8" size="0x29d070" version="58"/>
    <module path="/tmp/.mount_xLighto2c5Ak/usr/bin/../lib/libavcodec.so.58" address="0x7f14ee40d000" size="0x1392350" version="58"/>
    <module path="/tmp/.mount_xLighto2c5Ak/usr/bin/../lib/libavutil.so.56" address="0x7f14ee0e5000" size="0x2ac918" version="56"/>
    <module path="/tmp/.mount_xLighto2c5Ak/usr/bin/../lib/libswresample.so.3" address="0x7f14ee0b4000" size="0x1f830" version="3"/>
    <module path="/tmp/.mount_xLighto2c5Ak/usr/bin/../lib/libswscale.so.5" address="0x7f14ee014000" size="0x9c828" version="5"/>
    <module path="/tmp/.mount_xLighto2c5Ak/usr/bin/../lib/liblog4cpp.so.5" address="0x7f14edf1d2a8" size="0xf3ff8" version="5"/>
    <module path="/tmp/.mount_xLighto2c5Ak/usr/bin/../lib/libSDL2-2.0.so.0" address="0x7f14edd752a8" size="0x1a7a10" version="0"/>
    <module path="/tmp/.mount_xLighto2c5Ak/usr/bin/../lib/libwx_gtk3u_gl-3.3.so.0" address="0x7f14edd522a8" size="0x20428" version="0"/>
    <module path="/tmp/.mount_xLighto2c5Ak/usr/bin/../lib/libwx_gtk3u_aui-3.3.so.0" address="0x7f14edca72a8" size="0xa9e48" version="0"/>
    <module path="/tmp/.mount_xLighto2c5Ak/usr/bin/../lib/libwx_gtk3u_propgrid-3.3.so.0" address="0x7f14edb822a8" size="0x124108" version="0"/>
    <module path="/tmp/.mount_xLighto2c5Ak/usr/bin/../lib/libwx_gtk3u_html-3.3.so.0" address="0x7f14edaa02a8" size="0xe1408" version="0"/>
    <module path="/tmp/.mount_xLighto2c5Ak/usr/bin/../lib/libwx_gtk3u_qa-3.3.so.0" address="0x7f14eda6e2a8" size="0x31490" version="0"/>
    <module path="/tmp/.mount_xLighto2c5Ak/usr/bin/../lib/libwx_gtk3u_core-3.3.so.0" address="0x7f14ed19d2a8" size="0x8d0a78" version="0"/>
    <module path="/tmp/.mount_xLighto2c5Ak/usr/bin/../lib/libwx_baseu_xml-3.3.so.0" address="0x7f14ed1852a8" size="0x150c8" version="0"/>
    <module path="/tmp/.mount_xLighto2c5Ak/usr/bin/../lib/libwx_baseu_net-3.3.so.0" address="0x7f14ed11a2a8" size="0x6a348" version="0"/>
    <module path="/tmp/.mount_xLighto2c5Ak/usr/bin/../lib/libwx_baseu-3.3.so.0" address="0x7f14ece412e0" size="0x2d7e68" version="0"/>
    <module path="/tmp/.mount_xLighto2c5Ak/usr/bin/../lib/liblua5.3.so.0" address="0x7f14ece022a8" size="0x3e020" version="0"/>
    <module path="/lib/x86_64-linux-gnu/libz.so.1" address="0x7f14ecde62a8" size="0x1ae10" version="1"/>
    <module path="/tmp/.mount_xLighto2c5Ak/usr/bin/../lib/libzstd.so.1" address="0x7f14ecd122a8" size="0xd38f0" version="1"/>
    <module path="/tmp/.mount_xLighto2c5Ak/usr/bin/../lib/libwebp.so.7" address="0x7f14ecca22a8" size="0x6da28" version="7"/>
    <module path="/tmp/.mount_xLighto2c5Ak/usr/bin/../lib/libwebpdemux.so.2" address="0x7f14ecc9b2a8" size="0x6328" version="2"/>
    <module path="/lib/x86_64-linux-gnu/libstdc++.so.6" address="0x7f14eca6f2e0" size="0x22b5e0" version="6"/>
    <module path="/lib/x86_64-linux-gnu/libm.so.6" address="0x7f14ec9882a8" size="0xe5e60" version="6"/>
    <module path="/lib/x86_64-linux-gnu/libgcc_s.so.1" address="0x7f14ec9682a8" size="0x1f040" version="1"/>
    <module path="/lib/x86_64-linux-gnu/libc.so.6" address="0x7f14ec73f040" size="0x228e10" version="6"/>
    <module path="/lib/x86_64-linux-gnu/libGLdispatch.so.0" address="0x7f14ec6852e0" size="0xb7058" version="0"/>
    <module path="/lib/x86_64-linux-gnu/libGLX.so.0" address="0x7f14ec6512a8" size="0x332e0" version="0"/>
    <module path="/tmp/.mount_xLighto2c5Ak/usr/bin/../lib/libXi.so.6" address="0x7f14ec63c2a8" size="0x14b18" version="6"/>
    <module path="/tmp/.mount_xLighto2c5Ak/usr/bin/../lib/libXxf86vm.so.1" address="0x7f14ec6342a8" size="0x73e0" version="1"/>
    <module path="/lib/x86_64-linux-gnu/libxcb.so.1" address="0x7f14ec60a2a8" size="0x28fe0" version="1"/>
    <module path="/tmp/.mount_xLighto2c5Ak/usr/bin/../lib/libnghttp2.so.14" address="0x7f14ec5dc2a8" size="0x2bac0" version="14"/>
    <module path="/tmp/.mount_xLighto2c5Ak/usr/bin/../lib/libidn2.so.0" address="0x7f14ec5ba2a8" size="0x21448" version="0"/>
    <module path="/tmp/.mount_xLighto2c5Ak/usr/bin/../lib/librtmp.so.1" address="0x7f14ec5992a8" size="0x20190" version="1"/>
    <module path="/tmp/.mount_xLighto2c5Ak/usr/bin/../lib/libssh.so.4" address="0x7f14ec5272e0" size="0x715c0" version="4"/>
    <module path="/tmp/.mount_xLighto2c5Ak/usr/bin/../lib/libpsl.so.5" address="0x7f14ec5122a8" size="0x14400" version="5"/>
    <module path="/tmp/.mount_xLighto2c5Ak/usr/bin/../lib/libssl.so.3" address="0x7f14ec4672a8" size="0xaa150" version="3"/>
    <module path="/tmp/.mount_xLighto2c5Ak/usr/bin/../lib/libcrypto.so.3" address="0x7f14ebffd2a8" size="0x469bb0" version="3"/>
    <module path="/tmp/.mount_xLighto2c5Ak/usr/bin/../lib/libgssapi_krb5.so.2" address="0x7f14ebfa42a8" size="0x56b40" version="2"/>
    <module path="/tmp/.mount_xLighto2c5Ak/usr/bin/../lib/libldap-2.5.so.0" address="0x7f14ebf3f2a8" size="0x64398" version="0"/>
    <module path="/tmp/.mount_xLighto2c5Ak/usr/bin/../lib/liblber-2.5.so.0" address="0x7f14ebf2c2a8" size="0x11df8" version="0"/>
    <module path="/tmp/.mount_xLighto2c5Ak/usr/bin/../lib/libbrotlidec.so.1" address="0x7f14ebf1d2a8" size="0xe5a8" version="1"/>
    <module path="/tmp/.mount_xLighto2c5Ak/usr/bin/../lib/libxml2.so.2" address="0x7f14ebd2e2a8" size="0x1ee548" version="2"/>
    <module path="/tmp/.mount_xLighto2c5Ak/usr/bin/../lib/libbz2.so.1.0" address="0x7f14ebd182a8" size="0x13428" version="1.0"/>
    <module path="/tmp/.mount_xLighto2c5Ak/usr/bin/../lib/libgme.so.0" address="0x7f14ebcc72a8" size="0x508d8" version="0"/>
    <module path="/tmp/.mount_xLighto2c5Ak/usr/bin/../lib/libopenmpt.so.0" address="0x7f14ebb002a8" size="0x1c6780" version="0"/>
    <module path="/tmp/.mount_xLighto2c5Ak/usr/bin/../lib/libchromaprint.so.1" address="0x7f14ebaf02a8" size="0xf7b0" version="1"/>
    <module path="/tmp/.mount_xLighto2c5Ak/usr/bin/../lib/libbluray.so.2" address="0x7f14eba982a8" size="0x57cf0" version="2"/>
    <module path="/tmp/.mount_xLighto2c5Ak/usr/bin/../lib/libgnutls.so.30" address="0x7f14eb89e2e0" size="0x1f9ad0" version="30"/>
    <module path="/tmp/.mount_xLighto2c5Ak/usr/bin/../lib/librabbitmq.so.4" address="0x7f14eb8822a8" size="0x19350" version="4"/>
    <module path="/tmp/.mount_xLighto2c5Ak/usr/bin/../lib/libsrt-gnutls.so.1.4" address="0x7f14eb7b72a8" size="0xca5e8" version="1.4"/>
    <module path="/tmp/.mount_xLighto2c5Ak/usr/bin/../lib/libssh-gcrypt.so.4" address="0x7f14eb7272e0" size="0x8f0a0" version="4"/>
    <module path="/tmp/.mount_xLighto2c5Ak/usr/bin/../lib/libzmq.so.5" address="0x7f14eb6892a8" size="0x9dcd8" version="5"/>
    <module path="/tmp/.mount_xLighto2c5Ak/usr/bin/../lib/libvpx.so.7" address="0x7f14eb37d000" size="0x30b9a8" version="7"/>
    <module path="/tmp/.mount_xLighto2c5Ak/usr/bin/../lib/libwebpmux.so.3" address="0x7f14eb3682a8" size="0xd520" version="3"/>
    <module path="/tmp/.mount_xLighto2c5Ak/usr/bin/../lib/liblzma.so.5" address="0x7f14eb33b2a8" size="0x2be00" version="5"/>
    <module path="/tmp/.mount_xLighto2c5Ak/usr/bin/../lib/libdav1d.so.5" address="0x7f14eb1b6000" size="0x184670" version="5"/>
    <module path="/tmp/.mount_xLighto2c5Ak/usr/bin/../lib/librsvg-2.so.2" address="0x7f14ea85c000" size="0x957910" version="2"/>
    <module path="/tmp/.mount_xLighto2c5Ak/usr/bin/../lib/libgobject-2.0.so.0" address="0x7f14ea6d82a8" size="0x65098" version="0"/>
    <module path="/tmp/.mount_xLighto2c5Ak/usr/bin/../lib/libglib-2.0.so.0" address="0x7f14ea5902a8" size="0x146fa8" version="0"/>
    <module path="/tmp/.mount_xLighto2c5Ak/usr/bin/../lib/libcairo.so.2" address="0x7f14ea4602a8" size="0x12dc28" version="2"/>
    <module path="/tmp/.mount_xLighto2c5Ak/usr/bin/../lib/libzvbi.so.0" address="0x7f14ea3cd2a8" size="0x924f0" version="0"/>
    <module path="/tmp/.mount_xLighto2c5Ak/usr/bin/../lib/libsnappy.so.1" address="0x7f14ea3c12a8" size="0xad98" version="1"/>
    <module path="/tmp/.mount_xLighto2c5Ak/usr/bin/../lib/libaom.so.3" address="0x7f14e9e64000" size="0x55ce40" version="3"/>
    <module path="/tmp/.mount_xLighto2c5Ak/usr/bin/../lib/libcodec2.so.1.0" address="0x7f14e8fa42a8" size="0xeab580" version="1.0"/>
    <module path="/tmp/.mount_xLighto2c5Ak/usr/bin/../lib/libgsm.so.1" address="0x7f14e8f942a8" size="0xf400" version="1"/>
    <module path="/tmp/.mount_xLighto2c5Ak/usr/bin/../lib/libmp3lame.so.0" address="0x7f14e8f1b2a8" size="0x76cb8" version="0"/>
    <module path="/tmp/.mount_xLighto2c5Ak/usr/bin/../lib/libopenjp2.so.7" address="0x7f14e8ec22a8" size="0x58840" version="7"/>
    <module path="/tmp/.mount_xLighto2c5Ak/usr/bin/../lib/libopus.so.0" address="0x7f14e8e632a8" size="0x5ea58" version="0"/>
    <module path="/tmp/.mount_xLighto2c5Ak/usr/bin/../lib/libshine.so.3" address="0x7f14e8c08fc0" size="0x202478" version="3"/>
    <module path="/tmp/.mount_xLighto2c5Ak/usr/bin/../lib/libspeex.so.1" address="0x7f14e8e442a8" size="0x1e780" version="1"/>
    <module path="/tmp/.mount_xLighto2c5Ak/usr/bin/../lib/libtheoraenc.so.1" address="0x7f14e8bc72a8" size="0x382f8" version="1"/>
    <module path="/tmp/.mount_xLighto2c5Ak/usr/bin/../lib/libtheoradec.so.1" address="0x7f14e8e232a8" size="0x1e738" version="1"/>
    <module path="/tmp/.mount_xLighto2c5Ak/usr/bin/../lib/libtwolame.so.0" address="0x7f14e8ba12a8" size="0x25a58" version="0"/>
    <module path="/tmp/.mount_xLighto2c5Ak/usr/bin/../lib/libvorbis.so.0" address="0x7f14e8b722a8" size="0x2de10" version="0"/>
    <module path="/tmp/.mount_xLighto2c5Ak/usr/bin/../lib/libvorbisenc.so.2" address="0x7f14e8ac62a8" size="0xab2b0" version="2"/>
    <module path="/tmp/.mount_xLighto2c5Ak/usr/bin/../lib/libx264.so.163" address="0x7f14e8809000" size="0x2bcd28" version="163"/>
    <module path="/tmp/.mount_xLighto2c5Ak/usr/bin/../lib/libx265.so.199" address="0x7f14e78b7000" size="0xf4c5a8" version="199"/>
    <module path="/tmp/.mount_xLighto2c5Ak/usr/bin/../lib/libxvidcore.so.4" address="0x7f14e7769000" size="0x111568" version="4"/>
    <module path="/tmp/.mount_xLighto2c5Ak/usr/bin/../lib/libva.so.2" address="0x7f14e77352a8" size="0x31cc0" version="2"/>
    <module path="/tmp/.mount_xLighto2c5Ak/usr/bin/../lib/libmfx.so.1" address="0x7f14e8e112a8" size="0xef68" version="1"/>
    <module path="/tmp/.mount_xLighto2c5Ak/usr/bin/../lib/libva-drm.so.2" address="0x7f14e772f2a8" size="0x53d8" version="2"/>
    <module path="/tmp/.mount_xLighto2c5Ak/usr/bin/../lib/libva-x11.so.2" address="0x7f14e77262a8" size="0x8440" version="2"/>
    <module path="/tmp/.mount_xLighto2c5Ak/usr/bin/../lib/libvdpau.so.1" address="0x7f14e771f2a8" size="0x6628" version="1"/>
    <module path="/lib/x86_64-linux-gnu/libdrm.so.2" address="0x7f14e77092a8" size="0x15950" version="2"/>
    <module path="/tmp/.mount_xLighto2c5Ak/usr/bin/../lib/libOpenCL.so.1" address="0x7f14e76f52e0" size="0x13130" version="1"/>
    <module path="/tmp/.mount_xLighto2c5Ak/usr/bin/../lib/libsoxr.so.0" address="0x7f14e768d2a8" size="0x67380" version="0"/>
    <module path="/lib/x86_64-linux-gnu/libasound.so.2" address="0x7f14e758a2e0" size="0x102230" version="2"/>
    <module path="/tmp/.mount_xLighto2c5Ak/usr/bin/../lib/libpulse.so.0" address="0x7f14e75352a8" size="0x53da8" version="0"/>
    <module path="/tmp/.mount_xLighto2c5Ak/usr/bin/../lib/libXext.so.6" address="0x7f14e751e2a8" size="0x16168" version="6"/>
    <module path="/tmp/.mount_xLighto2c5Ak/usr/bin/../lib/libXcursor.so.1" address="0x7f14e75112a8" size="0xca40" version="1"/>
    <module path="/tmp/.mount_xLighto2c5Ak/usr/bin/../lib/libXinerama.so.1" address="0x7f14e750b2a8" size="0x5440" version="1"/>
    <module path="/tmp/.mount_xLighto2c5Ak/usr/bin/../lib/libXfixes.so.3" address="0x7f14e75022a8" size="0x85f8" version="3"/>
    <module path="/tmp/.mount_xLighto2c5Ak/usr/bin/../lib/libXrandr.so.2" address="0x7f14e74f42a8" size="0xd958" version="2"/>
    <module path="/tmp/.mount_xLighto2c5Ak/usr/bin/../lib/libXss.so.1" address="0x7f14e74ec2a8" size="0x5588" version="1"/>
    <module path="/lib/x86_64-linux-gnu/libgbm.so.1" address="0x7f14e74db2a8" size="0x101c0" version="1"/>
    <module path="/tmp/.mount_xLighto2c5Ak/usr/bin/../lib/libwayland-egl.so.1" address="0x7f14e74d52a8" size="0x51b8" version="1"/>
    <module path="/tmp/.mount_xLighto2c5Ak/usr/bin/../lib/libwayland-client.so.0" address="0x7f14e74c32a8" size="0x11b90" version="0"/>
    <module path="/tmp/.mount_xLighto2c5Ak/usr/bin/../lib/libwayland-cursor.so.0" address="0x7f14e74b82a8" size="0xa718" version="0"/>
    <module path="/tmp/.mount_xLighto2c5Ak/usr/bin/../lib/libxkbcommon.so.0" address="0x7f14e746f2a8" size="0x47db0" version="0"/>
    <module path="/tmp/.mount_xLighto2c5Ak/usr/bin/../lib/libdecor-0.so.0" address="0x7f14e74622a8" size="0xaa88" version="0"/>
    <module path="/tmp/.mount_xLighto2c5Ak/usr/bin/../lib/libgtk-3.so.0" address="0x7f14e6c032a8" size="0x85eaa0" version="0"/>
    <module path="/tmp/.mount_xLighto2c5Ak/usr/bin/../lib/libgdk-3.so.0" address="0x7f14e6af02a8" size="0x1128e0" version="0"/>
    <module path="/lib/x86_64-linux-gnu/libEGL.so.1" address="0x7f14e6add2a8" size="0x12400" version="1"/>
    <module path="/tmp/.mount_xLighto2c5Ak/usr/bin/../lib/libpangocairo-1.0.so.0" address="0x7f14e6ac92a8" size="0x13738" version="0"/>
    <module path="/tmp/.mount_xLighto2c5Ak/usr/bin/../lib/libpango-1.0.so.0" address="0x7f14e6a592a8" size="0x6d218" version="0"/>
    <module path="/tmp/.mount_xLighto2c5Ak/usr/bin/../lib/libgdk_pixbuf-2.0.so.0" address="0x7f14e6a262a8" size="0x32858" version="0"/>
    <module path="/tmp/.mount_xLighto2c5Ak/usr/bin/../lib/libgio-2.0.so.0" address="0x7f14e68362a8" size="0x1ef9a8" version="0"/>
    <module path="/lib/x86_64-linux-gnu/libSM.so.6" address="0x7f14e682b2a8" size="0x9ec8" version="6"/>
    <module path="/tmp/.mount_xLighto2c5Ak/usr/bin/../lib/libXtst.so.6" address="0x7f14e68222a8" size="0x8500" version="6"/>
    <module path="/tmp/.mount_xLighto2c5Ak/usr/bin/../lib/libpangoft2-1.0.so.0" address="0x7f14e68042a8" size="0x1d858" version="0"/>
    <module path="/lib/x86_64-linux-gnu/libfontconfig.so.1" address="0x7f14e67b82a8" size="0x493b8" version="1"/>
    <module path="/tmp/.mount_xLighto2c5Ak/usr/bin/../lib/libpng16.so.16" address="0x7f14e677a2a8" size="0x3d090" version="16"/>
    <module path="/tmp/.mount_xLighto2c5Ak/usr/bin/../lib/libjpeg.so.8" address="0x7f14e66fb000" size="0x7e108" version="8"/>
    <module path="/lib/x86_64-linux-gnu/libexpat.so.1" address="0x7f14e66c62a8" size="0x2fe10" version="1"/>
    <module path="/tmp/.mount_xLighto2c5Ak/usr/bin/../lib/libpcre2-32.so.0" address="0x7f14e66402a8" size="0x85b40" version="0"/>
    <module path="/lib64/ld-linux-x86-64.so.2" address="0x7f14efd1f2a8" size="0x3b030" version="2"/>
    <module path="/lib/x86_64-linux-gnu/libXau.so.6" address="0x7f14e66382a8" size="0x4e60" version="6"/>
    <module path="/lib/x86_64-linux-gnu/libXdmcp.so.6" address="0x7f14e66302a8" size="0x6dd8" version="6"/>
    <module path="/tmp/.mount_xLighto2c5Ak/usr/bin/../lib/libunistring.so.2" address="0x7f14e64802a8" size="0x1af030" version="2"/>
    <module path="/tmp/.mount_xLighto2c5Ak/usr/bin/../lib/libhogweed.so.6" address="0x7f14e64342a8" size="0x4ad88" version="6"/>
    <module path="/tmp/.mount_xLighto2c5Ak/usr/bin/../lib/libnettle.so.8" address="0x7f14e63e92a8" size="0x49dd0" version="8"/>
    <module path="/lib/x86_64-linux-gnu/libgmp.so.10" address="0x7f14e63652a8" size="0x80f68" version="10"/>
    <module path="/tmp/.mount_xLighto2c5Ak/usr/bin/../lib/libkrb5.so.3" address="0x7f14e62932a8" size="0xd0f10" version="3"/>
    <module path="/tmp/.mount_xLighto2c5Ak/usr/bin/../lib/libk5crypto.so.3" address="0x7f14e62622a8" size="0x2fea0" version="3"/>
    <module path="/lib/x86_64-linux-gnu/libcom_err.so.2" address="0x7f14e625c2e0" size="0x4d68" version="2"/>
    <module path="/tmp/.mount_xLighto2c5Ak/usr/bin/../lib/libkrb5support.so.0" address="0x7f14e624c2a8" size="0xee00" version="0"/>
    <module path="/tmp/.mount_xLighto2c5Ak/usr/bin/../lib/libsasl2.so.2" address="0x7f14e622e2a8" size="0x1b9b8" version="2"/>
    <module path="/tmp/.mount_xLighto2c5Ak/usr/bin/../lib/libbrotlicommon.so.1" address="0x7f14e620a2a8" size="0x23288" version="1"/>
    <module path="/tmp/.mount_xLighto2c5Ak/usr/bin/../lib/libicuuc.so.70" address="0x7f14e5fe42a8" size="0x225cf0" version="70"/>
    <module path="/tmp/.mount_xLighto2c5Ak/usr/bin/../lib/libmpg123.so.0" address="0x7f14e5f8b000" size="0x58198" version="0"/>
    <module path="/tmp/.mount_xLighto2c5Ak/usr/bin/../lib/libvorbisfile.so.3" address="0x7f14e5f7a2a8" size="0xb6e8" version="3"/>
    <module path="/lib/x86_64-linux-gnu/libfreetype.so.6" address="0x7f14e5eb02a8" size="0xc6d68" version="6"/>
    <module path="/tmp/.mount_xLighto2c5Ak/usr/bin/../lib/libudfread.so.0" address="0x7f14e5ea42a8" size="0xb310" version="0"/>
    <module path="/tmp/.mount_xLighto2c5Ak/usr/bin/../lib/libp11-kit.so.0" address="0x7f14e5d672e0" size="0x13c268" version="0"/>
    <module path="/tmp/.mount_xLighto2c5Ak/usr/bin/../lib/libtasn1.so.6" address="0x7f14e5d4e2a8" size="0x18638" version="6"/>
    <module path="/tmp/.mount_xLighto2c5Ak/usr/bin/../lib/libgcrypt.so.20" address="0x7f14e5c0e2a8" size="0x13f9d0" version="20"/>
    <module path="/lib/x86_64-linux-gnu/libgpg-error.so.0" address="0x7f14e5be62a8" size="0x24f10" version="0"/>
    <module path="/tmp/.mount_xLighto2c5Ak/usr/bin/../lib/libbsd.so.0" address="0x7f14e5bcc2a8" size="0x18dd8" version="0"/>
    <module path="/tmp/.mount_xLighto2c5Ak/usr/bin/../lib/libsodium.so.23" address="0x7f14e5b79000" size="0x52490" version="23"/>
    <module path="/tmp/.mount_xLighto2c5Ak/usr/bin/../lib/libpgm-5.3.so.0" address="0x7f14e5b1a2a8" size="0x51eb8" version="0"/>
    <module path="/tmp/.mount_xLighto2c5Ak/usr/bin/../lib/libnorm.so.1" address="0x7f14e59ed2a8" size="0x12c710" version="1"/>
    <module path="/tmp/.mount_xLighto2c5Ak/usr/bin/../lib/libcairo-gobject.so.2" address="0x7f14e59de2a8" size="0xc818" version="2"/>
    <module path="/tmp/.mount_xLighto2c5Ak/usr/bin/../lib/libffi.so.8" address="0x7f14e59d02a8" size="0xd5f8" version="8"/>
    <module path="/tmp/.mount_xLighto2c5Ak/usr/bin/../lib/libpcre.so.3" address="0x7f14e59592a8" size="0x76468" version="3"/>
    <module path="/tmp/.mount_xLighto2c5Ak/usr/bin/../lib/libpixman-1.so.0" address="0x7f14e58ac2e0" size="0xac590" version="0"/>
    <module path="/tmp/.mount_xLighto2c5Ak/usr/bin/../lib/libxcb-shm.so.0" address="0x7f14e58a62a8" size="0x5360" version="0"/>
    <module path="/tmp/.mount_xLighto2c5Ak/usr/bin/../lib/libxcb-render.so.0" address="0x7f14e58922a8" size="0x11808" version="0"/>
    <module path="/tmp/.mount_xLighto2c5Ak/usr/bin/../lib/libXrender.so.1" address="0x7f14e58842a8" size="0xd778" version="1"/>
    <module path="/tmp/.mount_xLighto2c5Ak/usr/bin/../lib/libogg.so.0" address="0x7f14e58782a8" size="0xb788" version="0"/>
    <module path="/tmp/.mount_xLighto2c5Ak/usr/bin/../lib/libnuma.so.1" address="0x7f14e586a2e0" size="0xdc68" version="1"/>
    <module path="/lib/x86_64-linux-gnu/libpthread.so.0" address="0x7f14e58652a8" size="0x3d80" version="0"/>
    <module path="/tmp/.mount_xLighto2c5Ak/usr/bin/../lib/libgomp.so.1" address="0x7f14e58142e0" size="0x4e4e0" version="1"/>
    <module path="/tmp/.mount_xLighto2c5Ak/usr/bin/../lib/libpulsecommon-15.99.so" address="0x7f14e57872a8" size="0x8c018" version="15.99"/>
    <module path="/tmp/.mount_xLighto2c5Ak/usr/bin/../lib/libdbus-1.so.3" address="0x7f14e57332a8" size="0x52f20" version="3"/>
    <module path="/lib/x86_64-linux-gnu/libwayland-server.so.0" address="0x7f14e571d2a8" size="0x15378" version="0"/>
    <module path="/lib/x86_64-linux-gnu/libxcb-randr.so.0" address="0x7f14e570a2a8" size="0x11dc0" version="0"/>
    <module path="/tmp/.mount_xLighto2c5Ak/usr/bin/../lib/libgmodule-2.0.so.0" address="0x7f14e57002a8" size="0x73b0" version="0"/>
    <module path="/tmp/.mount_xLighto2c5Ak/usr/bin/../lib/libatk-1.0.so.0" address="0x7f14e56d22a8" size="0x2d648" version="0"/>
    <module path="/tmp/.mount_xLighto2c5Ak/usr/bin/../lib/libatk-bridge-2.0.so.0" address="0x7f14e56962a8" size="0x3b360" version="0"/>
    <module path="/tmp/.mount_xLighto2c5Ak/usr/bin/../lib/libepoxy.so.0" address="0x7f14e55422a8" size="0x153510" version="0"/>
    <module path="/lib/x86_64-linux-gnu/libfribidi.so.0" address="0x7f14e55262a8" size="0x1ae30" version="0"/>
    <module path="/lib/x86_64-linux-gnu/libharfbuzz.so.0" address="0x7f14e54552a8" size="0xcea30" version="0"/>
    <module path="/tmp/.mount_xLighto2c5Ak/usr/bin/../lib/libXcomposite.so.1" address="0x7f14e544f2a8" size="0x5298" version="1"/>
    <module path="/tmp/.mount_xLighto2c5Ak/usr/bin/../lib/libXdamage.so.1" address="0x7f14e54492a8" size="0x5478" version="1"/>
    <module path="/tmp/.mount_xLighto2c5Ak/usr/bin/../lib/libthai.so.0" address="0x7f14e543d2a8" size="0xb8f0" version="0"/>
    <module path="/tmp/.mount_xLighto2c5Ak/usr/bin/../lib/libmount.so.1" address="0x7f14e53f62a8" size="0x46a68" version="1"/>
    <module path="/tmp/.mount_xLighto2c5Ak/usr/bin/../lib/libselinux.so.1" address="0x7f14e53c52e0" size="0x2e198" version="1"/>
    <module path="/lib/x86_64-linux-gnu/libICE.so.6" address="0x7f14e53a82a8" size="0x1ccb0" version="6"/>
    <module path="/lib/x86_64-linux-gnu/libuuid.so.1" address="0x7f14e539f2e0" size="0x7d38" version="1"/>
    <module path="/tmp/.mount_xLighto2c5Ak/usr/bin/../lib/libkeyutils.so.1" address="0x7f14e53972a8" size="0x7688" version="1"/>
    <module path="/lib/x86_64-linux-gnu/libresolv.so.2" address="0x7f14e53832a8" size="0x137a0" version="2"/>
    <module path="/tmp/.mount_xLighto2c5Ak/usr/bin/../lib/libicudata.so.70" address="0x7f14e3762270" size="0x1c1e070" version="70"/>
    <module path="/tmp/.mount_xLighto2c5Ak/usr/bin/../lib/libmd.so.0" address="0x7f14e37542a8" size="0xd640" version="0"/>
    <module path="/tmp/.mount_xLighto2c5Ak/usr/bin/../lib/libsndfile.so.1" address="0x7f14e36d32a8" size="0x80000" version="1"/>
    <module path="/lib/x86_64-linux-gnu/libX11-xcb.so.1" address="0x7f14e36ce2a8" size="0x3d80" version="1"/>
    <module path="/tmp/.mount_xLighto2c5Ak/usr/bin/../lib/libsystemd.so.0" address="0x7f14e35ff2e0" size="0xcc9f0" version="0"/>
    <module path="/tmp/.mount_xLighto2c5Ak/usr/bin/../lib/libasyncns.so.0" address="0x7f14e35f62a8" size="0x8368" version="0"/>
    <module path="/tmp/.mount_xLighto2c5Ak/usr/bin/../lib/libapparmor.so.1" address="0x7f14e35e02a8" size="0x15bf8" version="1"/>
    <module path="/tmp/.mount_xLighto2c5Ak/usr/bin/../lib/libatspi.so.0" address="0x7f14e35a02a8" size="0x3ee70" version="0"/>
    <module path="/lib/x86_64-linux-gnu/libgraphite2.so.3" address="0x7f14e35792a8" size="0x25e08" version="3"/>
    <module path="/tmp/.mount_xLighto2c5Ak/usr/bin/../lib/libdatrie.so.1" address="0x7f14e356d2a8" size="0x94a8" version="1"/>
    <module path="/tmp/.mount_xLighto2c5Ak/usr/bin/../lib/libblkid.so.1" address="0x7f14e35342a8" size="0x382c0" version="1"/>
    <module path="/tmp/.mount_xLighto2c5Ak/usr/bin/../lib/libpcre2-8.so.0" address="0x7f14e349c2a8" size="0x97b18" version="0"/>
    <module path="/tmp/.mount_xLighto2c5Ak/usr/bin/../lib/libFLAC.so.8" address="0x7f14e345c2a8" size="0x3fb20" version="8"/>
    <module path="/tmp/.mount_xLighto2c5Ak/usr/bin/../lib/liblz4.so.1" address="0x7f14e343b2a8" size="0x20c78" version="1"/>
    <module path="/tmp/.mount_xLighto2c5Ak/usr/bin/../lib/libcap.so.2" address="0x7f14e342d2a8" size="0xb690" version="2"/>
    <module path="/usr/lib/x86_64-linux-gnu/gconv/UTF-32.so" address="0x7f14efd0c2a8" size="0x4db8" version="32"/>
    <module path="/usr/lib/x86_64-linux-gnu/gio/modules/libgvfsdbus.so" address="0x7f14d2e2c2a8" size="0x34048" version="gnu/gio/modules/libgvfsdbus"/>
    <module path="/usr/lib/x86_64-linux-gnu/gvfs/libgvfscommon.so" address="0x7f14d2de92a8" size="0x42010" version="gnu/gvfs/libgvfscommon"/>
    <module path="/lib/x86_64-linux-gnu/libnss_mdns4_minimal.so.2" address="0x7f14d00052a8" size="0x4d68" version="2"/>
    <module path="/lib/x86_64-linux-gnu/libEGL_mesa.so.0" address="0x7f14bbd852e0" size="0x48cc0" version="0"/>
    <module path="/lib/x86_64-linux-gnu/libglapi.so.0" address="0x7f14bbd502e0" size="0x33da0" version="0"/>
    <module path="/lib/x86_64-linux-gnu/libxcb-dri2.so.0" address="0x7f14bbd492a8" size="0x5db0" version="0"/>
    <module path="/lib/x86_64-linux-gnu/libxcb-xfixes.so.0" address="0x7f14bbd3f2a8" size="0x8db0" version="0"/>
    <module path="/lib/x86_64-linux-gnu/libxcb-dri3.so.0" address="0x7f14bbd382a8" size="0x5dc0" version="0"/>
    <module path="/lib/x86_64-linux-gnu/libxcb-present.so.0" address="0x7f14d00002a8" size="0x3db0" version="0"/>
    <module path="/lib/x86_64-linux-gnu/libxcb-sync.so.1" address="0x7f14bbd2e2a8" size="0x8dd0" version="1"/>
    <module path="/lib/x86_64-linux-gnu/libxshmfence.so.1" address="0x7f14bbd292a8" size="0x3dd0" version="1"/>
    <module path="/usr/lib/x86_64-linux-gnu/dri/radeonsi_dri.so" address="0x7f14b9c4e2e0" size="0x20dabb0" version="gnu/dri/radeonsi_dri"/>
    <module path="/lib/x86_64-linux-gnu/libLLVM-15.so.1" address="0x7f14ad00e040" size="0x6ff1d29" version="1"/>
    <module path="/lib/x86_64-linux-gnu/libsensors.so.5" address="0x7f14b9c3e2a8" size="0xf190" version="5"/>
    <module path="/lib/x86_64-linux-gnu/libdrm_radeon.so.1" address="0x7f14b9c2f2a8" size="0xde80" version="1"/>
    <module path="/lib/x86_64-linux-gnu/libelf.so.1" address="0x7f14b9c112e0" size="0x1cea8" version="1"/>
    <module path="/lib/x86_64-linux-gnu/libdrm_amdgpu.so.1" address="0x7f14b9c052a8" size="0xafc0" version="1"/>
    <module path="/lib/x86_64-linux-gnu/libdrm_nouveau.so.2" address="0x7f14b9bfa2a8" size="0x9e80" version="2"/>
    <module path="/lib/x86_64-linux-gnu/libdrm_intel.so.1" address="0x7f14b9bd42a8" size="0x25500" version="1"/>
    <module path="/lib/x86_64-linux-gnu/libedit.so.2" address="0x7f14b9b9a2a8" size="0x38d98" version="2"/>
    <module path="/lib/x86_64-linux-gnu/libtinfo.so.6" address="0x7f14b9b682a8" size="0x31678" version="6"/>
    <module path="/lib/x86_64-linux-gnu/libpciaccess.so.0" address="0x7f14b9b5d2a8" size="0x9ee8" version="0"/>
    <module path="/tmp/.mount_xLighto2c5Ak/usr/bin/../lib/libpixbufloader-svg.so" address="0x7f14bbde32a8" size="0x5398" version="svg"/>
    <module path="/usr/lib/x86_64-linux-gnu/gio/modules/libgioremote-volume-monitor.so" address="0x7f14ac2422a8" size="0x1bee0" version="monitor"/>
    <module path="/usr/lib/x86_64-linux-gnu/gio/modules/libdconfsettings.so" address="0x7f14ac19c2a8" size="0xee38" version="gnu/gio/modules/libdconfsettings"/>
  </modules>
  <stack>
    <frame level="0" function="xlCrashHandler::HandleCrash(bool, std::__cxx11::basic_string&lt;char, std::char_traits&lt;char&gt;, std::allocator&lt;char&gt; &gt; const&amp;)" offset="0" address="0x5618f725ba16"/>
    <frame level="1" function="xlGLBaseApp::OnFatalException()" offset="0" address="0x5618f673c5b0"/>
    <frame level="2" function="std::vector&lt;wxThread*, std::allocator&lt;wxThread*&gt; &gt;::_M_fill_insert(__gnu_cxx::__normal_iterator&lt;wxThread**, std::vector&lt;wxThread*, std::allocator&lt;wxThread*&gt; &gt; &gt;, unsigned long, wxThread* const&amp;)" offset="0" address="0x7f14ed037fd6"/>
    <frame level="3" function="__restore_rt" offset="0" address="0x7f14ec781520" file="libc_sigaction.c" line="0"/>
    <frame level="4" function="wxXmlNode::GetAttribute(wxString const&amp;, wxString*) const" offset="0" address="0x7f14ed18b8b0"/>
    <frame level="5" function="wxXmlNode::GetAttribute(wxString const&amp;, wxString const&amp;) const" offset="0" address="0x7f14ed18b9c1"/>
    <frame level="6" function="BaseObject::IsFromBase() const" offset="0" address="0x5618f65e8485"/>
    <frame level="7" function="ViewObjectPanel::OnSelectionChanged(wxTreeListEvent&amp;, ViewObject**, std::__cxx11::basic_string&lt;char, std::char_traits&lt;char&gt;, std::allocator&lt;char&gt; &gt;&amp;)" offset="0" address="0x5618f7037831"/>
    <frame level="8" function="LayoutPanel::OnSelectionChanged(wxTreeListEvent&amp;)" offset="0" address="0x5618f6989c73"/>
    <frame level="9" function="wxEvtHandler::ProcessEventIfMatchesId(wxEventTableEntryBase const&amp;, wxEvtHandler*, wxEvent&amp;)" offset="0" address="0x7f14ed0694b6"/>
    <frame level="10" function="wxEventHashTable::HandleEvent(wxEvent&amp;, wxEvtHandler*)" offset="0" address="0x7f14ed06aa6b"/>
    <frame level="11" function="wxEvtHandler::TryHereOnly(wxEvent&amp;)" offset="0" address="0x7f14ed06aacd"/>
    <frame level="12" function="wxEvtHandler::ProcessEventLocally(wxEvent&amp;)" offset="0" address="0x7f14ed06ab4f"/>
    <frame level="13" function="wxEvtHandler::ProcessEvent(wxEvent&amp;)" offset="0" address="0x7f14ed06ac51"/>
    <frame level="14" function="wxWindowBase::TryAfter(wxEvent&amp;)" offset="0" address="0x7f14ed7325ee"/>
    <frame level="15" function="wxWindowBase::TryAfter(wxEvent&amp;)" offset="0" address="0x7f14ed7325ee"/>
    <frame level="16" function="wxWindowBase::TryAfter(wxEvent&amp;)" offset="0" address="0x7f14ed7325ee"/>
    <frame level="17" function="wxWindowBase::TryAfter(wxEvent&amp;)" offset="0" address="0x7f14ed7325ee"/>
    <frame level="18" function="wxWindowBase::TryAfter(wxEvent&amp;)" offset="0" address="0x7f14ed7325ee"/>
    <frame level="19" function="wxWindowBase::TryAfter(wxEvent&amp;)" offset="0" address="0x7f14ed7325ee"/>
    <frame level="20" function="wxWindowBase::TryAfter(wxEvent&amp;)" offset="0" address="0x7f14ed7325ee"/>
    <frame level="21" function="wxWindowBase::TryAfter(wxEvent&amp;)" offset="0" address="0x7f14ed7325ee"/>
    <frame level="22" function="wxWindowBase::TryAfter(wxEvent&amp;)" offset="0" address="0x7f14ed7325ee"/>
    <frame level="23" function="wxTreeListCtrl::SendItemEvent(int, wxDataViewEvent&amp;)" offset="0" address="0x7f14ed827d77"/>
    <frame level="24" function="wxEvtHandler::ProcessEventIfMatchesId(wxEventTableEntryBase const&amp;, wxEvtHandler*, wxEvent&amp;)" offset="0" address="0x7f14ed0694b6"/>
    <frame level="25" function="wxEventHashTable::HandleEvent(wxEvent&amp;, wxEvtHandler*)" offset="0" address="0x7f14ed06aa6b"/>
    <frame level="26" function="wxEvtHandler::TryHereOnly(wxEvent&amp;)" offset="0" address="0x7f14ed06aacd"/>
    <frame level="27" function="wxEvtHandler::ProcessEventLocally(wxEvent&amp;)" offset="0" address="0x7f14ed06ab4f"/>
    <frame level="28" function="wxEvtHandler::ProcessEvent(wxEvent&amp;)" offset="0" address="0x7f14ed06ac51"/>
    <frame level="29" function="wxWindowBase::TryAfter(wxEvent&amp;)" offset="0" address="0x7f14ed7325ee"/>
    <frame level="30" function="wxEvtHandler::SafelyProcessEvent(wxEvent&amp;)" offset="0" address="0x7f14ed06ad3b"/>
    <frame level="31" function="wxDataViewIconTextRenderer::GtkGetValueFromString(wxString const&amp;) const" offset="0" address="0x7f14ed5f53d1"/>
    <frame level="32" function="g_signal_emit_valist" offset="0" address="0x7f14ea70a700"/>
    <frame level="33" function="g_signal_emit" offset="0" address="0x7f14ea70a863"/>
    <frame level="34" function="gtk_tree_view_map_expanded_rows" offset="0" address="0x7f14e6f8c88f"/>
    <frame level="35" function="gtk_tree_view_set_fixed_height_mode" offset="0" address="0x7f14e6f869ce"/>
    <frame level="36" function="g_closure_invoke" offset="0" address="0x7f14ea6ecd2f"/>
    <frame level="37" function="g_signal_handlers_destroy" offset="0" address="0x7f14ea708c36"/>
    <frame level="38" function="g_signal_emit_valist" offset="0" address="0x7f14ea70a614"/>
    <frame level="39" function="g_signal_emit" offset="0" address="0x7f14ea70a863"/>
    <frame level="40" function="wxDataViewCtrl::HitTest(wxPoint const&amp;, wxDataViewItem&amp;, wxDataViewColumn*&amp;) const" offset="0" address="0x7f14ed5f0997"/>
    <frame level="41" function="wxDataViewModel::ItemDeleted(wxDataViewItem const&amp;, wxDataViewItem const&amp;)" offset="0" address="0x7f14ed82dd8f"/>
    <frame level="42" function="wxTreeListCtrl::OnSize(wxSizeEvent&amp;)" offset="0" address="0x7f14ed825567"/>
    <frame level="43" function="ViewObjectPanel::UpdateObjectList(bool, std::vector&lt;ViewObject*, std::allocator&lt;ViewObject*&gt; &gt;&amp;, std::__cxx11::basic_string&lt;char, std::char_traits&lt;char&gt;, std::allocator&lt;char&gt; &gt;&amp;)" offset="0" address="0x5618f7037561"/>
    <frame level="44" function="ViewObjectPanel::UpdateObjectList(bool, std::__cxx11::basic_string&lt;char, std::char_traits&lt;char&gt;, std::allocator&lt;char&gt; &gt;&amp;)" offset="0" address="0x5618f7037727"/>
    <frame level="45" function="LayoutPanel::UpdateModelList(bool)" offset="0" address="0x5618f697c40f"/>
    <frame level="46" function="xLightsFrame::UpdateModelsList()" offset="0" address="0x5618f70bbc5f"/>
    <frame level="47" function="xLightsFrame::DoWork(unsigned int, std::__cxx11::basic_string&lt;char, std::char_traits&lt;char&gt;, std::allocator&lt;char&gt; &gt; const&amp;, BaseObject*, std::__cxx11::basic_string&lt;char, std::char_traits&lt;char&gt;, std::allocator&lt;char&gt; &gt; const&amp;)" offset="0" address="0x5618f70afaf1"/>
    <frame level="48" function="xLightsFrame::DoASAPWork()" offset="0" address="0x5618f70b00d4"/>
    <frame level="49" function="wxEvtHandler::TryHereOnly(wxEvent&amp;)" offset="0" address="0x7f14ed06ab00"/>
    <frame level="50" function="wxEvtHandler::ProcessEventLocally(wxEvent&amp;)" offset="0" address="0x7f14ed06ab4f"/>
    <frame level="51" function="wxEvtHandler::ProcessEvent(wxEvent&amp;)" offset="0" address="0x7f14ed06ac51"/>
    <frame level="52" function="wxEvtHandler::SafelyProcessEvent(wxEvent&amp;)" offset="0" address="0x7f14ed06ad3b"/>
    <frame level="53" function="wxEvtHandler::ProcessPendingEvents()" offset="0" address="0x7f14ed06ae2a"/>
    <frame level="54" function="wxAppConsoleBase::ProcessPendingEvents()" offset="0" address="0x7f14eceed404"/>
    <frame level="55" function="wxApp::DoIdle()" offset="0" address="0x7f14ed4ff005"/>
    <frame level="56" function="wxApp::DoIdle()" offset="0" address="0x7f14ed4ff0d7"/>
    <frame level="57" function="g_main_context_dispatch" offset="0" address="0x7f14ea5e5c44"/>
    <frame level="58" function="g_io_channel_new_file" offset="0" address="0x7f14ea63b258"/>
    <frame level="59" function="g_main_loop_run" offset="0" address="0x7f14ea5e52b3"/>
    <frame level="60" function="gtk_main" offset="0" address="0x7f14e6e4bcfd"/>
    <frame level="61" function="wxGUIEventLoop::DoRun()" offset="0" address="0x7f14ed51fdc5"/>
    <frame level="62" function="wxEventLoopBase::Run()" offset="0" address="0x7f14ecf27bc1"/>
    <frame level="63" function="wxAppConsoleBase::MainLoop()" offset="0" address="0x7f14eceea16f"/>
    <frame level="64" function="wxEntry(int&amp;, wchar_t**)" offset="0" address="0x7f14ecf762d5"/>
    <frame level="65" function="main" offset="0" address="0x5618f61d92fd"/>
    <frame level="66" function="__libc_start_call_main" offset="0" address="0x7f14ec768d90" file="./csu/../sysdeps/nptl/libc_start_call_main.h" line="58"/>
    <frame level="67" function="call_init" offset="0" address="0x7f14ec768e40" file="./csu/../csu/libc-start.c" line="128"/>
    <frame level="68" function="_start" offset="0" address="0x5618f6209905"/>
  </stack>
</report>
