<?xml version="1.0" encoding="UTF-8"?>
<report version="1.0" kind="exception">
  <system description="Linux 5.15.0-122-lowlatency x86_64"/>
  <modules>
    <module address="0x555fd78bb040" size="0x2eb07f8"/>
    <module path="linux-vdso.so.1" address="0x7ffff70a73e0" size="0x1c8" version="1"/>
    <module path="/lib/x86_64-linux-gnu/libGL.so.1" address="0x7f4fae46b2a8" size="0x86668" version="1"/>
    <module path="/tmp/.mount_xLighttlScJQ/usr/bin/../lib/libglut.so.3" address="0x7f4fae41b2a8" size="0x4f1c8" version="3"/>
    <module path="/lib/x86_64-linux-gnu/libX11.so.6" address="0x7f4fae2db2a8" size="0x13fa88" version="6"/>
    <module path="/tmp/.mount_xLighttlScJQ/usr/bin/../lib/libcurl.so.4" address="0x7f4fae2312a8" size="0xa9a18" version="4"/>
    <module path="/tmp/.mount_xLighttlScJQ/usr/bin/../lib/libavformat.so.58" address="0x7f4fadf932a8" size="0x29d070" version="58"/>
    <module path="/tmp/.mount_xLighttlScJQ/usr/bin/../lib/libavcodec.so.58" address="0x7f4facbfe000" size="0x1392350" version="58"/>
    <module path="/tmp/.mount_xLighttlScJQ/usr/bin/../lib/libavutil.so.56" address="0x7f4fac8d6000" size="0x2ac918" version="56"/>
    <module path="/tmp/.mount_xLighttlScJQ/usr/bin/../lib/libswresample.so.3" address="0x7f4fac8a5000" size="0x1f830" version="3"/>
    <module path="/tmp/.mount_xLighttlScJQ/usr/bin/../lib/libswscale.so.5" address="0x7f4fac805000" size="0x9c828" version="5"/>
    <module path="/tmp/.mount_xLighttlScJQ/usr/bin/../lib/liblog4cpp.so.5" address="0x7f4fac70e2a8" size="0xf3ff8" version="5"/>
    <module path="/tmp/.mount_xLighttlScJQ/usr/bin/../lib/libSDL2-2.0.so.0" address="0x7f4fac5662a8" size="0x1a7a10" version="0"/>
    <module path="/tmp/.mount_xLighttlScJQ/usr/bin/../lib/libwx_gtk3u_gl-3.3.so.0" address="0x7f4fac5432a8" size="0x20428" version="0"/>
    <module path="/tmp/.mount_xLighttlScJQ/usr/bin/../lib/libwx_gtk3u_aui-3.3.so.0" address="0x7f4fac4982a8" size="0xa9e48" version="0"/>
    <module path="/tmp/.mount_xLighttlScJQ/usr/bin/../lib/libwx_gtk3u_propgrid-3.3.so.0" address="0x7f4fac3732a8" size="0x124108" version="0"/>
    <module path="/tmp/.mount_xLighttlScJQ/usr/bin/../lib/libwx_gtk3u_html-3.3.so.0" address="0x7f4fac2912a8" size="0xe1408" version="0"/>
    <module path="/tmp/.mount_xLighttlScJQ/usr/bin/../lib/libwx_gtk3u_qa-3.3.so.0" address="0x7f4fac25f2a8" size="0x31490" version="0"/>
    <module path="/tmp/.mount_xLighttlScJQ/usr/bin/../lib/libwx_gtk3u_core-3.3.so.0" address="0x7f4fab98e2a8" size="0x8d0a78" version="0"/>
    <module path="/tmp/.mount_xLighttlScJQ/usr/bin/../lib/libwx_baseu_xml-3.3.so.0" address="0x7f4fab9762a8" size="0x150c8" version="0"/>
    <module path="/tmp/.mount_xLighttlScJQ/usr/bin/../lib/libwx_baseu_net-3.3.so.0" address="0x7f4fab90b2a8" size="0x6a348" version="0"/>
    <module path="/tmp/.mount_xLighttlScJQ/usr/bin/../lib/libwx_baseu-3.3.so.0" address="0x7f4fab6322e0" size="0x2d7e68" version="0"/>
    <module path="/tmp/.mount_xLighttlScJQ/usr/bin/../lib/liblua5.3.so.0" address="0x7f4fab5f32a8" size="0x3e020" version="0"/>
    <module path="/lib/x86_64-linux-gnu/libz.so.1" address="0x7f4fab5d72a8" size="0x1ae10" version="1"/>
    <module path="/tmp/.mount_xLighttlScJQ/usr/bin/../lib/libzstd.so.1" address="0x7f4fab5032a8" size="0xd38f0" version="1"/>
    <module path="/tmp/.mount_xLighttlScJQ/usr/bin/../lib/libwebp.so.7" address="0x7f4fab4932a8" size="0x6da28" version="7"/>
    <module path="/tmp/.mount_xLighttlScJQ/usr/bin/../lib/libwebpdemux.so.2" address="0x7f4fab48c2a8" size="0x6328" version="2"/>
    <module path="/lib/x86_64-linux-gnu/libstdc++.so.6" address="0x7f4fab2602e0" size="0x22b5e0" version="6"/>
    <module path="/lib/x86_64-linux-gnu/libm.so.6" address="0x7f4fab1792a8" size="0xe5e60" version="6"/>
    <module path="/lib/x86_64-linux-gnu/libgcc_s.so.1" address="0x7f4fab1592a8" size="0x1f040" version="1"/>
    <module path="/lib/x86_64-linux-gnu/libc.so.6" address="0x7f4faaf30040" size="0x228e10" version="6"/>
    <module path="/lib/x86_64-linux-gnu/libGLdispatch.so.0" address="0x7f4faae762e0" size="0xb7058" version="0"/>
    <module path="/lib/x86_64-linux-gnu/libGLX.so.0" address="0x7f4faae422a8" size="0x332e0" version="0"/>
    <module path="/tmp/.mount_xLighttlScJQ/usr/bin/../lib/libXi.so.6" address="0x7f4faae2d2a8" size="0x14b18" version="6"/>
    <module path="/tmp/.mount_xLighttlScJQ/usr/bin/../lib/libXxf86vm.so.1" address="0x7f4faae252a8" size="0x73e0" version="1"/>
    <module path="/lib/x86_64-linux-gnu/libxcb.so.1" address="0x7f4faadfb2a8" size="0x28fe0" version="1"/>
    <module path="/tmp/.mount_xLighttlScJQ/usr/bin/../lib/libnghttp2.so.14" address="0x7f4faadcd2a8" size="0x2bac0" version="14"/>
    <module path="/tmp/.mount_xLighttlScJQ/usr/bin/../lib/libidn2.so.0" address="0x7f4faadab2a8" size="0x21448" version="0"/>
    <module path="/tmp/.mount_xLighttlScJQ/usr/bin/../lib/librtmp.so.1" address="0x7f4faad8a2a8" size="0x20190" version="1"/>
    <module path="/tmp/.mount_xLighttlScJQ/usr/bin/../lib/libssh.so.4" address="0x7f4faad182e0" size="0x715c0" version="4"/>
    <module path="/tmp/.mount_xLighttlScJQ/usr/bin/../lib/libpsl.so.5" address="0x7f4faad032a8" size="0x14400" version="5"/>
    <module path="/tmp/.mount_xLighttlScJQ/usr/bin/../lib/libssl.so.3" address="0x7f4faac582a8" size="0xaa150" version="3"/>
    <module path="/tmp/.mount_xLighttlScJQ/usr/bin/../lib/libcrypto.so.3" address="0x7f4faa7ee2a8" size="0x469bb0" version="3"/>
    <module path="/tmp/.mount_xLighttlScJQ/usr/bin/../lib/libgssapi_krb5.so.2" address="0x7f4faa7952a8" size="0x56b40" version="2"/>
    <module path="/tmp/.mount_xLighttlScJQ/usr/bin/../lib/libldap-2.5.so.0" address="0x7f4faa7302a8" size="0x64398" version="0"/>
    <module path="/tmp/.mount_xLighttlScJQ/usr/bin/../lib/liblber-2.5.so.0" address="0x7f4faa71d2a8" size="0x11df8" version="0"/>
    <module path="/tmp/.mount_xLighttlScJQ/usr/bin/../lib/libbrotlidec.so.1" address="0x7f4faa70e2a8" size="0xe5a8" version="1"/>
    <module path="/tmp/.mount_xLighttlScJQ/usr/bin/../lib/libxml2.so.2" address="0x7f4faa51f2a8" size="0x1ee548" version="2"/>
    <module path="/tmp/.mount_xLighttlScJQ/usr/bin/../lib/libbz2.so.1.0" address="0x7f4faa5092a8" size="0x13428" version="1.0"/>
    <module path="/tmp/.mount_xLighttlScJQ/usr/bin/../lib/libgme.so.0" address="0x7f4faa4b82a8" size="0x508d8" version="0"/>
    <module path="/tmp/.mount_xLighttlScJQ/usr/bin/../lib/libopenmpt.so.0" address="0x7f4faa2f12a8" size="0x1c6780" version="0"/>
    <module path="/tmp/.mount_xLighttlScJQ/usr/bin/../lib/libchromaprint.so.1" address="0x7f4faa2e12a8" size="0xf7b0" version="1"/>
    <module path="/tmp/.mount_xLighttlScJQ/usr/bin/../lib/libbluray.so.2" address="0x7f4faa2892a8" size="0x57cf0" version="2"/>
    <module path="/tmp/.mount_xLighttlScJQ/usr/bin/../lib/libgnutls.so.30" address="0x7f4faa08f2e0" size="0x1f9ad0" version="30"/>
    <module path="/tmp/.mount_xLighttlScJQ/usr/bin/../lib/librabbitmq.so.4" address="0x7f4faa0732a8" size="0x19350" version="4"/>
    <module path="/tmp/.mount_xLighttlScJQ/usr/bin/../lib/libsrt-gnutls.so.1.4" address="0x7f4fa9fa82a8" size="0xca5e8" version="1.4"/>
    <module path="/tmp/.mount_xLighttlScJQ/usr/bin/../lib/libssh-gcrypt.so.4" address="0x7f4fa9f182e0" size="0x8f0a0" version="4"/>
    <module path="/tmp/.mount_xLighttlScJQ/usr/bin/../lib/libzmq.so.5" address="0x7f4fa9e7a2a8" size="0x9dcd8" version="5"/>
    <module path="/tmp/.mount_xLighttlScJQ/usr/bin/../lib/libvpx.so.7" address="0x7f4fa9b6e000" size="0x30b9a8" version="7"/>
    <module path="/tmp/.mount_xLighttlScJQ/usr/bin/../lib/libwebpmux.so.3" address="0x7f4fa9b592a8" size="0xd520" version="3"/>
    <module path="/tmp/.mount_xLighttlScJQ/usr/bin/../lib/liblzma.so.5" address="0x7f4fa9b2c2a8" size="0x2be00" version="5"/>
    <module path="/tmp/.mount_xLighttlScJQ/usr/bin/../lib/libdav1d.so.5" address="0x7f4fa99a7000" size="0x184670" version="5"/>
    <module path="/tmp/.mount_xLighttlScJQ/usr/bin/../lib/librsvg-2.so.2" address="0x7f4fa904d000" size="0x957910" version="2"/>
    <module path="/tmp/.mount_xLighttlScJQ/usr/bin/../lib/libgobject-2.0.so.0" address="0x7f4fa8ec92a8" size="0x65098" version="0"/>
    <module path="/tmp/.mount_xLighttlScJQ/usr/bin/../lib/libglib-2.0.so.0" address="0x7f4fa8d812a8" size="0x146fa8" version="0"/>
    <module path="/tmp/.mount_xLighttlScJQ/usr/bin/../lib/libcairo.so.2" address="0x7f4fa8c512a8" size="0x12dc28" version="2"/>
    <module path="/tmp/.mount_xLighttlScJQ/usr/bin/../lib/libzvbi.so.0" address="0x7f4fa8bbe2a8" size="0x924f0" version="0"/>
    <module path="/tmp/.mount_xLighttlScJQ/usr/bin/../lib/libsnappy.so.1" address="0x7f4fa8bb22a8" size="0xad98" version="1"/>
    <module path="/tmp/.mount_xLighttlScJQ/usr/bin/../lib/libaom.so.3" address="0x7f4fa8655000" size="0x55ce40" version="3"/>
    <module path="/tmp/.mount_xLighttlScJQ/usr/bin/../lib/libcodec2.so.1.0" address="0x7f4fa77952a8" size="0xeab580" version="1.0"/>
    <module path="/tmp/.mount_xLighttlScJQ/usr/bin/../lib/libgsm.so.1" address="0x7f4fa77852a8" size="0xf400" version="1"/>
    <module path="/tmp/.mount_xLighttlScJQ/usr/bin/../lib/libmp3lame.so.0" address="0x7f4fa770c2a8" size="0x76cb8" version="0"/>
    <module path="/tmp/.mount_xLighttlScJQ/usr/bin/../lib/libopenjp2.so.7" address="0x7f4fa76b32a8" size="0x58840" version="7"/>
    <module path="/tmp/.mount_xLighttlScJQ/usr/bin/../lib/libopus.so.0" address="0x7f4fa76542a8" size="0x5ea58" version="0"/>
    <module path="/tmp/.mount_xLighttlScJQ/usr/bin/../lib/libshine.so.3" address="0x7f4fa7408fc0" size="0x202478" version="3"/>
    <module path="/tmp/.mount_xLighttlScJQ/usr/bin/../lib/libspeex.so.1" address="0x7f4fa76352a8" size="0x1e780" version="1"/>
    <module path="/tmp/.mount_xLighttlScJQ/usr/bin/../lib/libtheoraenc.so.1" address="0x7f4fa73c72a8" size="0x382f8" version="1"/>
    <module path="/tmp/.mount_xLighttlScJQ/usr/bin/../lib/libtheoradec.so.1" address="0x7f4fa76142a8" size="0x1e738" version="1"/>
    <module path="/tmp/.mount_xLighttlScJQ/usr/bin/../lib/libtwolame.so.0" address="0x7f4fa73a12a8" size="0x25a58" version="0"/>
    <module path="/tmp/.mount_xLighttlScJQ/usr/bin/../lib/libvorbis.so.0" address="0x7f4fa73722a8" size="0x2de10" version="0"/>
    <module path="/tmp/.mount_xLighttlScJQ/usr/bin/../lib/libvorbisenc.so.2" address="0x7f4fa72c62a8" size="0xab2b0" version="2"/>
    <module path="/tmp/.mount_xLighttlScJQ/usr/bin/../lib/libx264.so.163" address="0x7f4fa7009000" size="0x2bcd28" version="163"/>
    <module path="/tmp/.mount_xLighttlScJQ/usr/bin/../lib/libx265.so.199" address="0x7f4fa60b7000" size="0xf4c5a8" version="199"/>
    <module path="/tmp/.mount_xLighttlScJQ/usr/bin/../lib/libxvidcore.so.4" address="0x7f4fa5f69000" size="0x111568" version="4"/>
    <module path="/tmp/.mount_xLighttlScJQ/usr/bin/../lib/libva.so.2" address="0x7f4fa5f352a8" size="0x31cc0" version="2"/>
    <module path="/tmp/.mount_xLighttlScJQ/usr/bin/../lib/libmfx.so.1" address="0x7f4fa5f252a8" size="0xef68" version="1"/>
    <module path="/tmp/.mount_xLighttlScJQ/usr/bin/../lib/libva-drm.so.2" address="0x7f4fa760c2a8" size="0x53d8" version="2"/>
    <module path="/tmp/.mount_xLighttlScJQ/usr/bin/../lib/libva-x11.so.2" address="0x7f4fa5f1c2a8" size="0x8440" version="2"/>
    <module path="/tmp/.mount_xLighttlScJQ/usr/bin/../lib/libvdpau.so.1" address="0x7f4fa5f132a8" size="0x6628" version="1"/>
    <module path="/lib/x86_64-linux-gnu/libdrm.so.2" address="0x7f4fa5efd2a8" size="0x15950" version="2"/>
    <module path="/tmp/.mount_xLighttlScJQ/usr/bin/../lib/libOpenCL.so.1" address="0x7f4fa5ee92e0" size="0x13130" version="1"/>
    <module path="/tmp/.mount_xLighttlScJQ/usr/bin/../lib/libsoxr.so.0" address="0x7f4fa5e812a8" size="0x67380" version="0"/>
    <module path="/lib/x86_64-linux-gnu/libasound.so.2" address="0x7f4fa5d7e2e0" size="0x102230" version="2"/>
    <module path="/tmp/.mount_xLighttlScJQ/usr/bin/../lib/libpulse.so.0" address="0x7f4fa5d272a8" size="0x53da8" version="0"/>
    <module path="/tmp/.mount_xLighttlScJQ/usr/bin/../lib/libXext.so.6" address="0x7f4fa5d102a8" size="0x16168" version="6"/>
    <module path="/tmp/.mount_xLighttlScJQ/usr/bin/../lib/libXcursor.so.1" address="0x7f4fa5d032a8" size="0xca40" version="1"/>
    <module path="/tmp/.mount_xLighttlScJQ/usr/bin/../lib/libXinerama.so.1" address="0x7f4fa5cfd2a8" size="0x5440" version="1"/>
    <module path="/tmp/.mount_xLighttlScJQ/usr/bin/../lib/libXfixes.so.3" address="0x7f4fa5cf42a8" size="0x85f8" version="3"/>
    <module path="/tmp/.mount_xLighttlScJQ/usr/bin/../lib/libXrandr.so.2" address="0x7f4fa5ce62a8" size="0xd958" version="2"/>
    <module path="/tmp/.mount_xLighttlScJQ/usr/bin/../lib/libXss.so.1" address="0x7f4fa5cde2a8" size="0x5588" version="1"/>
    <module path="/lib/x86_64-linux-gnu/libgbm.so.1" address="0x7f4fa5ccd2a8" size="0x101c0" version="1"/>
    <module path="/tmp/.mount_xLighttlScJQ/usr/bin/../lib/libwayland-egl.so.1" address="0x7f4fa5cc72a8" size="0x51b8" version="1"/>
    <module path="/tmp/.mount_xLighttlScJQ/usr/bin/../lib/libwayland-client.so.0" address="0x7f4fa5cb52a8" size="0x11b90" version="0"/>
    <module path="/tmp/.mount_xLighttlScJQ/usr/bin/../lib/libwayland-cursor.so.0" address="0x7f4fa5caa2a8" size="0xa718" version="0"/>
    <module path="/tmp/.mount_xLighttlScJQ/usr/bin/../lib/libxkbcommon.so.0" address="0x7f4fa5c612a8" size="0x47db0" version="0"/>
    <module path="/tmp/.mount_xLighttlScJQ/usr/bin/../lib/libdecor-0.so.0" address="0x7f4fa5c542a8" size="0xaa88" version="0"/>
    <module path="/tmp/.mount_xLighttlScJQ/usr/bin/../lib/libgtk-3.so.0" address="0x7f4fa53f52a8" size="0x85eaa0" version="0"/>
    <module path="/tmp/.mount_xLighttlScJQ/usr/bin/../lib/libgdk-3.so.0" address="0x7f4fa52e22a8" size="0x1128e0" version="0"/>
    <module path="/lib/x86_64-linux-gnu/libEGL.so.1" address="0x7f4fa52cf2a8" size="0x12400" version="1"/>
    <module path="/tmp/.mount_xLighttlScJQ/usr/bin/../lib/libpangocairo-1.0.so.0" address="0x7f4fa52bb2a8" size="0x13738" version="0"/>
    <module path="/tmp/.mount_xLighttlScJQ/usr/bin/../lib/libpango-1.0.so.0" address="0x7f4fa524b2a8" size="0x6d218" version="0"/>
    <module path="/tmp/.mount_xLighttlScJQ/usr/bin/../lib/libgdk_pixbuf-2.0.so.0" address="0x7f4fa52182a8" size="0x32858" version="0"/>
    <module path="/tmp/.mount_xLighttlScJQ/usr/bin/../lib/libgio-2.0.so.0" address="0x7f4fa50282a8" size="0x1ef9a8" version="0"/>
    <module path="/lib/x86_64-linux-gnu/libSM.so.6" address="0x7f4fa501d2a8" size="0x9ec8" version="6"/>
    <module path="/tmp/.mount_xLighttlScJQ/usr/bin/../lib/libXtst.so.6" address="0x7f4fa50142a8" size="0x8500" version="6"/>
    <module path="/tmp/.mount_xLighttlScJQ/usr/bin/../lib/libpangoft2-1.0.so.0" address="0x7f4fa4ff62a8" size="0x1d858" version="0"/>
    <module path="/lib/x86_64-linux-gnu/libfontconfig.so.1" address="0x7f4fa4faa2a8" size="0x493b8" version="1"/>
    <module path="/tmp/.mount_xLighttlScJQ/usr/bin/../lib/libpng16.so.16" address="0x7f4fa4f6c2a8" size="0x3d090" version="16"/>
    <module path="/tmp/.mount_xLighttlScJQ/usr/bin/../lib/libjpeg.so.8" address="0x7f4fa4eed000" size="0x7e108" version="8"/>
    <module path="/lib/x86_64-linux-gnu/libexpat.so.1" address="0x7f4fa4eb82a8" size="0x2fe10" version="1"/>
    <module path="/tmp/.mount_xLighttlScJQ/usr/bin/../lib/libpcre2-32.so.0" address="0x7f4fa4e322a8" size="0x85b40" version="0"/>
    <module path="/lib64/ld-linux-x86-64.so.2" address="0x7f4fae5102a8" size="0x3b030" version="2"/>
    <module path="/lib/x86_64-linux-gnu/libXau.so.6" address="0x7f4fa4e2a2a8" size="0x4e60" version="6"/>
    <module path="/lib/x86_64-linux-gnu/libXdmcp.so.6" address="0x7f4fa4e222a8" size="0x6dd8" version="6"/>
    <module path="/tmp/.mount_xLighttlScJQ/usr/bin/../lib/libunistring.so.2" address="0x7f4fa4c722a8" size="0x1af030" version="2"/>
    <module path="/tmp/.mount_xLighttlScJQ/usr/bin/../lib/libhogweed.so.6" address="0x7f4fa4c262a8" size="0x4ad88" version="6"/>
    <module path="/tmp/.mount_xLighttlScJQ/usr/bin/../lib/libnettle.so.8" address="0x7f4fa4bdb2a8" size="0x49dd0" version="8"/>
    <module path="/lib/x86_64-linux-gnu/libgmp.so.10" address="0x7f4fa4b572a8" size="0x80f68" version="10"/>
    <module path="/tmp/.mount_xLighttlScJQ/usr/bin/../lib/libkrb5.so.3" address="0x7f4fa4a852a8" size="0xd0f10" version="3"/>
    <module path="/tmp/.mount_xLighttlScJQ/usr/bin/../lib/libk5crypto.so.3" address="0x7f4fa4a542a8" size="0x2fea0" version="3"/>
    <module path="/lib/x86_64-linux-gnu/libcom_err.so.2" address="0x7f4fa4a4e2e0" size="0x4d68" version="2"/>
    <module path="/tmp/.mount_xLighttlScJQ/usr/bin/../lib/libkrb5support.so.0" address="0x7f4fa4a3e2a8" size="0xee00" version="0"/>
    <module path="/tmp/.mount_xLighttlScJQ/usr/bin/../lib/libsasl2.so.2" address="0x7f4fa4a202a8" size="0x1b9b8" version="2"/>
    <module path="/tmp/.mount_xLighttlScJQ/usr/bin/../lib/libbrotlicommon.so.1" address="0x7f4fa49fc2a8" size="0x23288" version="1"/>
    <module path="/tmp/.mount_xLighttlScJQ/usr/bin/../lib/libicuuc.so.70" address="0x7f4fa47d62a8" size="0x225cf0" version="70"/>
    <module path="/tmp/.mount_xLighttlScJQ/usr/bin/../lib/libmpg123.so.0" address="0x7f4fa477d000" size="0x58198" version="0"/>
    <module path="/tmp/.mount_xLighttlScJQ/usr/bin/../lib/libvorbisfile.so.3" address="0x7f4fa476c2a8" size="0xb6e8" version="3"/>
    <module path="/lib/x86_64-linux-gnu/libfreetype.so.6" address="0x7f4fa46a22a8" size="0xc6d68" version="6"/>
    <module path="/tmp/.mount_xLighttlScJQ/usr/bin/../lib/libudfread.so.0" address="0x7f4fa46962a8" size="0xb310" version="0"/>
    <module path="/tmp/.mount_xLighttlScJQ/usr/bin/../lib/libp11-kit.so.0" address="0x7f4fa45592e0" size="0x13c268" version="0"/>
    <module path="/tmp/.mount_xLighttlScJQ/usr/bin/../lib/libtasn1.so.6" address="0x7f4fa45402a8" size="0x18638" version="6"/>
    <module path="/tmp/.mount_xLighttlScJQ/usr/bin/../lib/libgcrypt.so.20" address="0x7f4fa44002a8" size="0x13f9d0" version="20"/>
    <module path="/lib/x86_64-linux-gnu/libgpg-error.so.0" address="0x7f4fa43d82a8" size="0x24f10" version="0"/>
    <module path="/tmp/.mount_xLighttlScJQ/usr/bin/../lib/libbsd.so.0" address="0x7f4fa43be2a8" size="0x18dd8" version="0"/>
    <module path="/tmp/.mount_xLighttlScJQ/usr/bin/../lib/libsodium.so.23" address="0x7f4fa436b000" size="0x52490" version="23"/>
    <module path="/tmp/.mount_xLighttlScJQ/usr/bin/../lib/libpgm-5.3.so.0" address="0x7f4fa430c2a8" size="0x51eb8" version="0"/>
    <module path="/tmp/.mount_xLighttlScJQ/usr/bin/../lib/libnorm.so.1" address="0x7f4fa41df2a8" size="0x12c710" version="1"/>
    <module path="/tmp/.mount_xLighttlScJQ/usr/bin/../lib/libcairo-gobject.so.2" address="0x7f4fa41d02a8" size="0xc818" version="2"/>
    <module path="/tmp/.mount_xLighttlScJQ/usr/bin/../lib/libffi.so.8" address="0x7f4fa41c22a8" size="0xd5f8" version="8"/>
    <module path="/tmp/.mount_xLighttlScJQ/usr/bin/../lib/libpcre.so.3" address="0x7f4fa414b2a8" size="0x76468" version="3"/>
    <module path="/tmp/.mount_xLighttlScJQ/usr/bin/../lib/libpixman-1.so.0" address="0x7f4fa409e2e0" size="0xac590" version="0"/>
    <module path="/tmp/.mount_xLighttlScJQ/usr/bin/../lib/libxcb-shm.so.0" address="0x7f4fa40982a8" size="0x5360" version="0"/>
    <module path="/tmp/.mount_xLighttlScJQ/usr/bin/../lib/libxcb-render.so.0" address="0x7f4fa40842a8" size="0x11808" version="0"/>
    <module path="/tmp/.mount_xLighttlScJQ/usr/bin/../lib/libXrender.so.1" address="0x7f4fa40762a8" size="0xd778" version="1"/>
    <module path="/tmp/.mount_xLighttlScJQ/usr/bin/../lib/libogg.so.0" address="0x7f4fa406a2a8" size="0xb788" version="0"/>
    <module path="/tmp/.mount_xLighttlScJQ/usr/bin/../lib/libnuma.so.1" address="0x7f4fa405c2e0" size="0xdc68" version="1"/>
    <module path="/lib/x86_64-linux-gnu/libpthread.so.0" address="0x7f4fa40572a8" size="0x3d80" version="0"/>
    <module path="/tmp/.mount_xLighttlScJQ/usr/bin/../lib/libgomp.so.1" address="0x7f4fa40062e0" size="0x4e4e0" version="1"/>
    <module path="/tmp/.mount_xLighttlScJQ/usr/bin/../lib/libpulsecommon-15.99.so" address="0x7f4fa3f792a8" size="0x8c018" version="15.99"/>
    <module path="/tmp/.mount_xLighttlScJQ/usr/bin/../lib/libdbus-1.so.3" address="0x7f4fa3f252a8" size="0x52f20" version="3"/>
    <module path="/lib/x86_64-linux-gnu/libwayland-server.so.0" address="0x7f4fa3f0f2a8" size="0x15378" version="0"/>
    <module path="/lib/x86_64-linux-gnu/libxcb-randr.so.0" address="0x7f4fa3efc2a8" size="0x11dc0" version="0"/>
    <module path="/tmp/.mount_xLighttlScJQ/usr/bin/../lib/libgmodule-2.0.so.0" address="0x7f4fa3ef22a8" size="0x73b0" version="0"/>
    <module path="/tmp/.mount_xLighttlScJQ/usr/bin/../lib/libatk-1.0.so.0" address="0x7f4fa3ec42a8" size="0x2d648" version="0"/>
    <module path="/tmp/.mount_xLighttlScJQ/usr/bin/../lib/libatk-bridge-2.0.so.0" address="0x7f4fa3e882a8" size="0x3b360" version="0"/>
    <module path="/tmp/.mount_xLighttlScJQ/usr/bin/../lib/libepoxy.so.0" address="0x7f4fa3d342a8" size="0x153510" version="0"/>
    <module path="/lib/x86_64-linux-gnu/libfribidi.so.0" address="0x7f4fa3d182a8" size="0x1ae30" version="0"/>
    <module path="/lib/x86_64-linux-gnu/libharfbuzz.so.0" address="0x7f4fa3c472a8" size="0xcea30" version="0"/>
    <module path="/tmp/.mount_xLighttlScJQ/usr/bin/../lib/libXcomposite.so.1" address="0x7f4fa3c412a8" size="0x5298" version="1"/>
    <module path="/tmp/.mount_xLighttlScJQ/usr/bin/../lib/libXdamage.so.1" address="0x7f4fa3c3b2a8" size="0x5478" version="1"/>
    <module path="/tmp/.mount_xLighttlScJQ/usr/bin/../lib/libthai.so.0" address="0x7f4fa3c2f2a8" size="0xb8f0" version="0"/>
    <module path="/tmp/.mount_xLighttlScJQ/usr/bin/../lib/libmount.so.1" address="0x7f4fa3be82a8" size="0x46a68" version="1"/>
    <module path="/tmp/.mount_xLighttlScJQ/usr/bin/../lib/libselinux.so.1" address="0x7f4fa3bb72e0" size="0x2e198" version="1"/>
    <module path="/lib/x86_64-linux-gnu/libICE.so.6" address="0x7f4fa3b9a2a8" size="0x1ccb0" version="6"/>
    <module path="/lib/x86_64-linux-gnu/libuuid.so.1" address="0x7f4fa3b912e0" size="0x7d38" version="1"/>
    <module path="/tmp/.mount_xLighttlScJQ/usr/bin/../lib/libkeyutils.so.1" address="0x7f4fa3b892a8" size="0x7688" version="1"/>
    <module path="/lib/x86_64-linux-gnu/libresolv.so.2" address="0x7f4fa3b752a8" size="0x137a0" version="2"/>
    <module path="/tmp/.mount_xLighttlScJQ/usr/bin/../lib/libicudata.so.70" address="0x7f4fa1f54270" size="0x1c1e070" version="70"/>
    <module path="/tmp/.mount_xLighttlScJQ/usr/bin/../lib/libmd.so.0" address="0x7f4fa1f462a8" size="0xd640" version="0"/>
    <module path="/tmp/.mount_xLighttlScJQ/usr/bin/../lib/libsndfile.so.1" address="0x7f4fa1ec52a8" size="0x80000" version="1"/>
    <module path="/lib/x86_64-linux-gnu/libX11-xcb.so.1" address="0x7f4fa1ec02a8" size="0x3d80" version="1"/>
    <module path="/tmp/.mount_xLighttlScJQ/usr/bin/../lib/libsystemd.so.0" address="0x7f4fa1df12e0" size="0xcc9f0" version="0"/>
    <module path="/tmp/.mount_xLighttlScJQ/usr/bin/../lib/libasyncns.so.0" address="0x7f4fa1de82a8" size="0x8368" version="0"/>
    <module path="/tmp/.mount_xLighttlScJQ/usr/bin/../lib/libapparmor.so.1" address="0x7f4fa1dd22a8" size="0x15bf8" version="1"/>
    <module path="/tmp/.mount_xLighttlScJQ/usr/bin/../lib/libatspi.so.0" address="0x7f4fa1d922a8" size="0x3ee70" version="0"/>
    <module path="/lib/x86_64-linux-gnu/libgraphite2.so.3" address="0x7f4fa1d6b2a8" size="0x25e08" version="3"/>
    <module path="/tmp/.mount_xLighttlScJQ/usr/bin/../lib/libdatrie.so.1" address="0x7f4fa1d5f2a8" size="0x94a8" version="1"/>
    <module path="/tmp/.mount_xLighttlScJQ/usr/bin/../lib/libblkid.so.1" address="0x7f4fa1d262a8" size="0x382c0" version="1"/>
    <module path="/tmp/.mount_xLighttlScJQ/usr/bin/../lib/libpcre2-8.so.0" address="0x7f4fa1c8e2a8" size="0x97b18" version="0"/>
    <module path="/tmp/.mount_xLighttlScJQ/usr/bin/../lib/libFLAC.so.8" address="0x7f4fa1c4e2a8" size="0x3fb20" version="8"/>
    <module path="/tmp/.mount_xLighttlScJQ/usr/bin/../lib/liblz4.so.1" address="0x7f4fa1c2d2a8" size="0x20c78" version="1"/>
    <module path="/tmp/.mount_xLighttlScJQ/usr/bin/../lib/libcap.so.2" address="0x7f4fa1c1f2a8" size="0xb690" version="2"/>
    <module path="/usr/lib/x86_64-linux-gnu/gconv/UTF-32.so" address="0x7f4fae4fd2a8" size="0x4db8" version="32"/>
    <module path="/usr/lib/x86_64-linux-gnu/gio/modules/libgvfsdbus.so" address="0x7f4f9161e2a8" size="0x34048" version="gnu/gio/modules/libgvfsdbus"/>
    <module path="/usr/lib/x86_64-linux-gnu/gvfs/libgvfscommon.so" address="0x7f4f915db2a8" size="0x42010" version="gnu/gvfs/libgvfscommon"/>
    <module path="/lib/x86_64-linux-gnu/libnss_mdns4_minimal.so.2" address="0x7f4f900032a8" size="0x4d68" version="2"/>
    <module path="/lib/x86_64-linux-gnu/libEGL_mesa.so.0" address="0x7f4f825782e0" size="0x48cc0" version="0"/>
    <module path="/lib/x86_64-linux-gnu/libglapi.so.0" address="0x7f4f825432e0" size="0x33da0" version="0"/>
    <module path="/lib/x86_64-linux-gnu/libxcb-dri2.so.0" address="0x7f4f8253c2a8" size="0x5db0" version="0"/>
    <module path="/lib/x86_64-linux-gnu/libxcb-xfixes.so.0" address="0x7f4f825322a8" size="0x8db0" version="0"/>
    <module path="/lib/x86_64-linux-gnu/libxcb-dri3.so.0" address="0x7f4f8252b2a8" size="0x5dc0" version="0"/>
    <module path="/lib/x86_64-linux-gnu/libxcb-present.so.0" address="0x7f4f825262a8" size="0x3db0" version="0"/>
    <module path="/lib/x86_64-linux-gnu/libxcb-sync.so.1" address="0x7f4f8251c2a8" size="0x8dd0" version="1"/>
    <module path="/lib/x86_64-linux-gnu/libxshmfence.so.1" address="0x7f4f825172a8" size="0x3dd0" version="1"/>
    <module path="/usr/lib/x86_64-linux-gnu/dri/radeonsi_dri.so" address="0x7f4f8043c2e0" size="0x20dabb0" version="gnu/dri/radeonsi_dri"/>
    <module path="/lib/x86_64-linux-gnu/libLLVM-15.so.1" address="0x7f4f6d00e040" size="0x6ff1d29" version="1"/>
    <module path="/lib/x86_64-linux-gnu/libsensors.so.5" address="0x7f4f8042c2a8" size="0xf190" version="5"/>
    <module path="/lib/x86_64-linux-gnu/libdrm_radeon.so.1" address="0x7f4f8041d2a8" size="0xde80" version="1"/>
    <module path="/lib/x86_64-linux-gnu/libelf.so.1" address="0x7f4f803ff2e0" size="0x1cea8" version="1"/>
    <module path="/lib/x86_64-linux-gnu/libdrm_amdgpu.so.1" address="0x7f4f803f32a8" size="0xafc0" version="1"/>
    <module path="/lib/x86_64-linux-gnu/libdrm_nouveau.so.2" address="0x7f4f803e82a8" size="0x9e80" version="2"/>
    <module path="/lib/x86_64-linux-gnu/libdrm_intel.so.1" address="0x7f4f803c22a8" size="0x25500" version="1"/>
    <module path="/lib/x86_64-linux-gnu/libedit.so.2" address="0x7f4f803882a8" size="0x38d98" version="2"/>
    <module path="/lib/x86_64-linux-gnu/libtinfo.so.6" address="0x7f4f803562a8" size="0x31678" version="6"/>
    <module path="/lib/x86_64-linux-gnu/libpciaccess.so.0" address="0x7f4f8034b2a8" size="0x9ee8" version="0"/>
    <module path="/tmp/.mount_xLighttlScJQ/usr/bin/../lib/libpixbufloader-svg.so" address="0x7f4f9001e2a8" size="0x5398" version="svg"/>
    <module path="/usr/lib/x86_64-linux-gnu/gio/modules/libgioremote-volume-monitor.so" address="0x7f4f542502a8" size="0x1bee0" version="monitor"/>
    <module path="/usr/lib/x86_64-linux-gnu/gio/modules/libdconfsettings.so" address="0x7f4f541aa2a8" size="0xee38" version="gnu/gio/modules/libdconfsettings"/>
  </modules>
  <stack>
    <frame level="0" function="xlCrashHandler::HandleCrash(bool, std::__cxx11::basic_string&lt;char, std::char_traits&lt;char&gt;, std::allocator&lt;char&gt; &gt; const&amp;)" offset="0" address="0x555fd92b0a16"/>
    <frame level="1" function="xlGLBaseApp::OnFatalException()" offset="0" address="0x555fd87915b0"/>
    <frame level="2" function="std::vector&lt;wxThread*, std::allocator&lt;wxThread*&gt; &gt;::_M_fill_insert(__gnu_cxx::__normal_iterator&lt;wxThread**, std::vector&lt;wxThread*, std::allocator&lt;wxThread*&gt; &gt; &gt;, unsigned long, wxThread* const&amp;)" offset="0" address="0x7f4fab828fd6"/>
    <frame level="3" function="__restore_rt" offset="0" address="0x7f4faaf72520" file="libc_sigaction.c" line="0"/>
    <frame level="4" function="wxXmlNode::GetAttribute(wxString const&amp;, wxString*) const" offset="0" address="0x7f4fab97c8b0"/>
    <frame level="5" function="wxXmlNode::GetAttribute(wxString const&amp;, wxString const&amp;) const" offset="0" address="0x7f4fab97c9c1"/>
    <frame level="6" function="BaseObject::IsFromBase() const" offset="0" address="0x555fd863d485"/>
    <frame level="7" function="ViewObjectPanel::OnSelectionChanged(wxTreeListEvent&amp;, ViewObject**, std::__cxx11::basic_string&lt;char, std::char_traits&lt;char&gt;, std::allocator&lt;char&gt; &gt;&amp;)" offset="0" address="0x555fd908c831"/>
    <frame level="8" function="LayoutPanel::OnSelectionChanged(wxTreeListEvent&amp;)" offset="0" address="0x555fd89dec73"/>
    <frame level="9" function="wxEvtHandler::ProcessEventIfMatchesId(wxEventTableEntryBase const&amp;, wxEvtHandler*, wxEvent&amp;)" offset="0" address="0x7f4fab85a4b6"/>
    <frame level="10" function="wxEventHashTable::HandleEvent(wxEvent&amp;, wxEvtHandler*)" offset="0" address="0x7f4fab85ba6b"/>
    <frame level="11" function="wxEvtHandler::TryHereOnly(wxEvent&amp;)" offset="0" address="0x7f4fab85bacd"/>
    <frame level="12" function="wxEvtHandler::ProcessEventLocally(wxEvent&amp;)" offset="0" address="0x7f4fab85bb4f"/>
    <frame level="13" function="wxEvtHandler::ProcessEvent(wxEvent&amp;)" offset="0" address="0x7f4fab85bc51"/>
    <frame level="14" function="wxWindowBase::TryAfter(wxEvent&amp;)" offset="0" address="0x7f4fabf235ee"/>
    <frame level="15" function="wxWindowBase::TryAfter(wxEvent&amp;)" offset="0" address="0x7f4fabf235ee"/>
    <frame level="16" function="wxWindowBase::TryAfter(wxEvent&amp;)" offset="0" address="0x7f4fabf235ee"/>
    <frame level="17" function="wxWindowBase::TryAfter(wxEvent&amp;)" offset="0" address="0x7f4fabf235ee"/>
    <frame level="18" function="wxWindowBase::TryAfter(wxEvent&amp;)" offset="0" address="0x7f4fabf235ee"/>
    <frame level="19" function="wxWindowBase::TryAfter(wxEvent&amp;)" offset="0" address="0x7f4fabf235ee"/>
    <frame level="20" function="wxWindowBase::TryAfter(wxEvent&amp;)" offset="0" address="0x7f4fabf235ee"/>
    <frame level="21" function="wxWindowBase::TryAfter(wxEvent&amp;)" offset="0" address="0x7f4fabf235ee"/>
    <frame level="22" function="wxWindowBase::TryAfter(wxEvent&amp;)" offset="0" address="0x7f4fabf235ee"/>
    <frame level="23" function="wxTreeListCtrl::SendItemEvent(int, wxDataViewEvent&amp;)" offset="0" address="0x7f4fac018d77"/>
    <frame level="24" function="wxEvtHandler::ProcessEventIfMatchesId(wxEventTableEntryBase const&amp;, wxEvtHandler*, wxEvent&amp;)" offset="0" address="0x7f4fab85a4b6"/>
    <frame level="25" function="wxEventHashTable::HandleEvent(wxEvent&amp;, wxEvtHandler*)" offset="0" address="0x7f4fab85ba6b"/>
    <frame level="26" function="wxEvtHandler::TryHereOnly(wxEvent&amp;)" offset="0" address="0x7f4fab85bacd"/>
    <frame level="27" function="wxEvtHandler::ProcessEventLocally(wxEvent&amp;)" offset="0" address="0x7f4fab85bb4f"/>
    <frame level="28" function="wxEvtHandler::ProcessEvent(wxEvent&amp;)" offset="0" address="0x7f4fab85bc51"/>
    <frame level="29" function="wxWindowBase::TryAfter(wxEvent&amp;)" offset="0" address="0x7f4fabf235ee"/>
    <frame level="30" function="wxEvtHandler::SafelyProcessEvent(wxEvent&amp;)" offset="0" address="0x7f4fab85bd3b"/>
    <frame level="31" function="wxDataViewIconTextRenderer::GtkGetValueFromString(wxString const&amp;) const" offset="0" address="0x7f4fabde63d1"/>
    <frame level="32" function="g_signal_emit_valist" offset="0" address="0x7f4fa8efb700"/>
    <frame level="33" function="g_signal_emit" offset="0" address="0x7f4fa8efb863"/>
    <frame level="34" function="gtk_tree_view_map_expanded_rows" offset="0" address="0x7f4fa577e88f"/>
    <frame level="35" function="gtk_tree_view_set_fixed_height_mode" offset="0" address="0x7f4fa57789ce"/>
    <frame level="36" function="g_closure_invoke" offset="0" address="0x7f4fa8eddd2f"/>
    <frame level="37" function="g_signal_handlers_destroy" offset="0" address="0x7f4fa8ef9c36"/>
    <frame level="38" function="g_signal_emit_valist" offset="0" address="0x7f4fa8efb614"/>
    <frame level="39" function="g_signal_emit" offset="0" address="0x7f4fa8efb863"/>
    <frame level="40" function="wxDataViewCtrl::HitTest(wxPoint const&amp;, wxDataViewItem&amp;, wxDataViewColumn*&amp;) const" offset="0" address="0x7f4fabde1997"/>
    <frame level="41" function="wxDataViewModel::ItemDeleted(wxDataViewItem const&amp;, wxDataViewItem const&amp;)" offset="0" address="0x7f4fac01ed8f"/>
    <frame level="42" function="wxTreeListCtrl::OnSize(wxSizeEvent&amp;)" offset="0" address="0x7f4fac016567"/>
    <frame level="43" function="ViewObjectPanel::UpdateObjectList(bool, std::vector&lt;ViewObject*, std::allocator&lt;ViewObject*&gt; &gt;&amp;, std::__cxx11::basic_string&lt;char, std::char_traits&lt;char&gt;, std::allocator&lt;char&gt; &gt;&amp;)" offset="0" address="0x555fd908c561"/>
    <frame level="44" function="ViewObjectPanel::UpdateObjectList(bool, std::__cxx11::basic_string&lt;char, std::char_traits&lt;char&gt;, std::allocator&lt;char&gt; &gt;&amp;)" offset="0" address="0x555fd908c727"/>
    <frame level="45" function="LayoutPanel::UpdateModelList(bool)" offset="0" address="0x555fd89d140f"/>
    <frame level="46" function="xLightsFrame::UpdateModelsList()" offset="0" address="0x555fd9110c5f"/>
    <frame level="47" function="xLightsFrame::DoWork(unsigned int, std::__cxx11::basic_string&lt;char, std::char_traits&lt;char&gt;, std::allocator&lt;char&gt; &gt; const&amp;, BaseObject*, std::__cxx11::basic_string&lt;char, std::char_traits&lt;char&gt;, std::allocator&lt;char&gt; &gt; const&amp;)" offset="0" address="0x555fd9104af1"/>
    <frame level="48" function="xLightsFrame::DoASAPWork()" offset="0" address="0x555fd91050d4"/>
    <frame level="49" function="wxEvtHandler::TryHereOnly(wxEvent&amp;)" offset="0" address="0x7f4fab85bb00"/>
    <frame level="50" function="wxEvtHandler::ProcessEventLocally(wxEvent&amp;)" offset="0" address="0x7f4fab85bb4f"/>
    <frame level="51" function="wxEvtHandler::ProcessEvent(wxEvent&amp;)" offset="0" address="0x7f4fab85bc51"/>
    <frame level="52" function="wxEvtHandler::SafelyProcessEvent(wxEvent&amp;)" offset="0" address="0x7f4fab85bd3b"/>
    <frame level="53" function="wxEvtHandler::ProcessPendingEvents()" offset="0" address="0x7f4fab85be2a"/>
    <frame level="54" function="wxAppConsoleBase::ProcessPendingEvents()" offset="0" address="0x7f4fab6de404"/>
    <frame level="55" function="wxApp::DoIdle()" offset="0" address="0x7f4fabcf0005"/>
    <frame level="56" function="wxApp::DoIdle()" offset="0" address="0x7f4fabcf00d7"/>
    <frame level="57" function="g_main_context_dispatch" offset="0" address="0x7f4fa8dd6c44"/>
    <frame level="58" function="g_io_channel_new_file" offset="0" address="0x7f4fa8e2c258"/>
    <frame level="59" function="g_main_loop_run" offset="0" address="0x7f4fa8dd62b3"/>
    <frame level="60" function="gtk_main" offset="0" address="0x7f4fa563dcfd"/>
    <frame level="61" function="wxGUIEventLoop::DoRun()" offset="0" address="0x7f4fabd10dc5"/>
    <frame level="62" function="wxEventLoopBase::Run()" offset="0" address="0x7f4fab718bc1"/>
    <frame level="63" function="wxAppConsoleBase::MainLoop()" offset="0" address="0x7f4fab6db16f"/>
    <frame level="64" function="wxEntry(int&amp;, wchar_t**)" offset="0" address="0x7f4fab7672d5"/>
    <frame level="65" function="main" offset="0" address="0x555fd822e2fd"/>
    <frame level="66" function="__libc_start_call_main" offset="0" address="0x7f4faaf59d90" file="./csu/../sysdeps/nptl/libc_start_call_main.h" line="58"/>
    <frame level="67" function="call_init" offset="0" address="0x7f4faaf59e40" file="./csu/../csu/libc-start.c" line="128"/>
    <frame level="68" function="_start" offset="0" address="0x555fd825e905"/>
  </stack>
</report>
