<?xml version="1.0" encoding="UTF-8"?>
<Networks computer="falcon" GlobalFPPProxy="" GlobalForceLocalIP="" AutoUpdateFromBase="0" BaseShowDir="">
  <Controller Id="1" Name="Ethernet_" Description="" Type="Ethernet" Vendor="Entec" Model="OCTO" Variant="" AutoSize="0" FromBase="0" FullxLightsControl="TRUE" DefaultBrightnessUnderFullControl="100" DefaultGammaUnderFullControl="1" ActiveState="Active" AutoLayout="1" AutoUpload="0" SuppressDuplicates="0" Monitor="1" IP="192.168.40.23" Protocol="E131" FPPProxy="" Priority="100" Version="1" Expanded="FALSE" UPS="FALSE" ForceLocalIP="">
    <network ComPort="192.168.40.23" BaudRate="1" NetworkType="E131" MaxChannels="510"/>
    <network ComPort="192.168.40.23" BaudRate="2" NetworkType="E131" MaxChannels="510"/>
    <network ComPort="192.168.40.23" BaudRate="3" NetworkType="E131" MaxChannels="510"/>
    <network ComPort="192.168.40.23" BaudRate="4" NetworkType="E131" MaxChannels="510"/>
    <network ComPort="192.168.40.23" BaudRate="5" NetworkType="E131" MaxChannels="510"/>
    <network ComPort="192.168.40.23" BaudRate="6" NetworkType="E131" MaxChannels="510"/>
    <network ComPort="192.168.40.23" BaudRate="7" NetworkType="E131" MaxChannels="510"/>
    <network ComPort="192.168.40.23" BaudRate="8" NetworkType="E131" MaxChannels="510"/>
  </Controller>
</Networks>
