<?xml version="1.0" encoding="UTF-8"?>
<report version="1.0" kind="exception">
  <system description="Linux 5.15.0-122-lowlatency x86_64"/>
  <modules>
    <module address="0x5599cded2040" size="0x2eb07f8"/>
    <module path="linux-vdso.so.1" address="0x7ffe2a3f43e0" size="0x1c8" version="1"/>
    <module path="/lib/x86_64-linux-gnu/libGL.so.1" address="0x7f126d5542a8" size="0x86668" version="1"/>
    <module path="/tmp/.mount_xLightiiwNdT/usr/bin/../lib/libglut.so.3" address="0x7f126d5042a8" size="0x4f1c8" version="3"/>
    <module path="/lib/x86_64-linux-gnu/libX11.so.6" address="0x7f126d3c42a8" size="0x13fa88" version="6"/>
    <module path="/tmp/.mount_xLightiiwNdT/usr/bin/../lib/libcurl.so.4" address="0x7f126d31a2a8" size="0xa9a18" version="4"/>
    <module path="/tmp/.mount_xLightiiwNdT/usr/bin/../lib/libavformat.so.58" address="0x7f126d07c2a8" size="0x29d070" version="58"/>
    <module path="/tmp/.mount_xLightiiwNdT/usr/bin/../lib/libavcodec.so.58" address="0x7f126bce7000" size="0x1392350" version="58"/>
    <module path="/tmp/.mount_xLightiiwNdT/usr/bin/../lib/libavutil.so.56" address="0x7f126b9bf000" size="0x2ac918" version="56"/>
    <module path="/tmp/.mount_xLightiiwNdT/usr/bin/../lib/libswresample.so.3" address="0x7f126b98e000" size="0x1f830" version="3"/>
    <module path="/tmp/.mount_xLightiiwNdT/usr/bin/../lib/libswscale.so.5" address="0x7f126b8ee000" size="0x9c828" version="5"/>
    <module path="/tmp/.mount_xLightiiwNdT/usr/bin/../lib/liblog4cpp.so.5" address="0x7f126b7f72a8" size="0xf3ff8" version="5"/>
    <module path="/tmp/.mount_xLightiiwNdT/usr/bin/../lib/libSDL2-2.0.so.0" address="0x7f126b64f2a8" size="0x1a7a10" version="0"/>
    <module path="/tmp/.mount_xLightiiwNdT/usr/bin/../lib/libwx_gtk3u_gl-3.3.so.0" address="0x7f126b62c2a8" size="0x20428" version="0"/>
    <module path="/tmp/.mount_xLightiiwNdT/usr/bin/../lib/libwx_gtk3u_aui-3.3.so.0" address="0x7f126b5812a8" size="0xa9e48" version="0"/>
    <module path="/tmp/.mount_xLightiiwNdT/usr/bin/../lib/libwx_gtk3u_propgrid-3.3.so.0" address="0x7f126b45c2a8" size="0x124108" version="0"/>
    <module path="/tmp/.mount_xLightiiwNdT/usr/bin/../lib/libwx_gtk3u_html-3.3.so.0" address="0x7f126b37a2a8" size="0xe1408" version="0"/>
    <module path="/tmp/.mount_xLightiiwNdT/usr/bin/../lib/libwx_gtk3u_qa-3.3.so.0" address="0x7f126b3482a8" size="0x31490" version="0"/>
    <module path="/tmp/.mount_xLightiiwNdT/usr/bin/../lib/libwx_gtk3u_core-3.3.so.0" address="0x7f126aa772a8" size="0x8d0a78" version="0"/>
    <module path="/tmp/.mount_xLightiiwNdT/usr/bin/../lib/libwx_baseu_xml-3.3.so.0" address="0x7f126aa5f2a8" size="0x150c8" version="0"/>
    <module path="/tmp/.mount_xLightiiwNdT/usr/bin/../lib/libwx_baseu_net-3.3.so.0" address="0x7f126a9f42a8" size="0x6a348" version="0"/>
    <module path="/tmp/.mount_xLightiiwNdT/usr/bin/../lib/libwx_baseu-3.3.so.0" address="0x7f126a71b2e0" size="0x2d7e68" version="0"/>
    <module path="/tmp/.mount_xLightiiwNdT/usr/bin/../lib/liblua5.3.so.0" address="0x7f126a6dc2a8" size="0x3e020" version="0"/>
    <module path="/lib/x86_64-linux-gnu/libz.so.1" address="0x7f126a6c02a8" size="0x1ae10" version="1"/>
    <module path="/tmp/.mount_xLightiiwNdT/usr/bin/../lib/libzstd.so.1" address="0x7f126a5ec2a8" size="0xd38f0" version="1"/>
    <module path="/tmp/.mount_xLightiiwNdT/usr/bin/../lib/libwebp.so.7" address="0x7f126a57c2a8" size="0x6da28" version="7"/>
    <module path="/tmp/.mount_xLightiiwNdT/usr/bin/../lib/libwebpdemux.so.2" address="0x7f126a5752a8" size="0x6328" version="2"/>
    <module path="/lib/x86_64-linux-gnu/libstdc++.so.6" address="0x7f126a3492e0" size="0x22b5e0" version="6"/>
    <module path="/lib/x86_64-linux-gnu/libm.so.6" address="0x7f126a2622a8" size="0xe5e60" version="6"/>
    <module path="/lib/x86_64-linux-gnu/libgcc_s.so.1" address="0x7f126a2422a8" size="0x1f040" version="1"/>
    <module path="/lib/x86_64-linux-gnu/libc.so.6" address="0x7f126a019040" size="0x228e10" version="6"/>
    <module path="/lib/x86_64-linux-gnu/libGLdispatch.so.0" address="0x7f1269f5f2e0" size="0xb7058" version="0"/>
    <module path="/lib/x86_64-linux-gnu/libGLX.so.0" address="0x7f1269f2b2a8" size="0x332e0" version="0"/>
    <module path="/tmp/.mount_xLightiiwNdT/usr/bin/../lib/libXi.so.6" address="0x7f1269f162a8" size="0x14b18" version="6"/>
    <module path="/tmp/.mount_xLightiiwNdT/usr/bin/../lib/libXxf86vm.so.1" address="0x7f1269f0e2a8" size="0x73e0" version="1"/>
    <module path="/lib/x86_64-linux-gnu/libxcb.so.1" address="0x7f1269ee42a8" size="0x28fe0" version="1"/>
    <module path="/tmp/.mount_xLightiiwNdT/usr/bin/../lib/libnghttp2.so.14" address="0x7f1269eb62a8" size="0x2bac0" version="14"/>
    <module path="/tmp/.mount_xLightiiwNdT/usr/bin/../lib/libidn2.so.0" address="0x7f1269e942a8" size="0x21448" version="0"/>
    <module path="/tmp/.mount_xLightiiwNdT/usr/bin/../lib/librtmp.so.1" address="0x7f1269e732a8" size="0x20190" version="1"/>
    <module path="/tmp/.mount_xLightiiwNdT/usr/bin/../lib/libssh.so.4" address="0x7f1269e012e0" size="0x715c0" version="4"/>
    <module path="/tmp/.mount_xLightiiwNdT/usr/bin/../lib/libpsl.so.5" address="0x7f1269dec2a8" size="0x14400" version="5"/>
    <module path="/tmp/.mount_xLightiiwNdT/usr/bin/../lib/libssl.so.3" address="0x7f1269d412a8" size="0xaa150" version="3"/>
    <module path="/tmp/.mount_xLightiiwNdT/usr/bin/../lib/libcrypto.so.3" address="0x7f12698d72a8" size="0x469bb0" version="3"/>
    <module path="/tmp/.mount_xLightiiwNdT/usr/bin/../lib/libgssapi_krb5.so.2" address="0x7f126987e2a8" size="0x56b40" version="2"/>
    <module path="/tmp/.mount_xLightiiwNdT/usr/bin/../lib/libldap-2.5.so.0" address="0x7f12698192a8" size="0x64398" version="0"/>
    <module path="/tmp/.mount_xLightiiwNdT/usr/bin/../lib/liblber-2.5.so.0" address="0x7f12698062a8" size="0x11df8" version="0"/>
    <module path="/tmp/.mount_xLightiiwNdT/usr/bin/../lib/libbrotlidec.so.1" address="0x7f12697f72a8" size="0xe5a8" version="1"/>
    <module path="/tmp/.mount_xLightiiwNdT/usr/bin/../lib/libxml2.so.2" address="0x7f12696082a8" size="0x1ee548" version="2"/>
    <module path="/tmp/.mount_xLightiiwNdT/usr/bin/../lib/libbz2.so.1.0" address="0x7f12695f22a8" size="0x13428" version="1.0"/>
    <module path="/tmp/.mount_xLightiiwNdT/usr/bin/../lib/libgme.so.0" address="0x7f12695a12a8" size="0x508d8" version="0"/>
    <module path="/tmp/.mount_xLightiiwNdT/usr/bin/../lib/libopenmpt.so.0" address="0x7f12693da2a8" size="0x1c6780" version="0"/>
    <module path="/tmp/.mount_xLightiiwNdT/usr/bin/../lib/libchromaprint.so.1" address="0x7f12693ca2a8" size="0xf7b0" version="1"/>
    <module path="/tmp/.mount_xLightiiwNdT/usr/bin/../lib/libbluray.so.2" address="0x7f12693722a8" size="0x57cf0" version="2"/>
    <module path="/tmp/.mount_xLightiiwNdT/usr/bin/../lib/libgnutls.so.30" address="0x7f12691782e0" size="0x1f9ad0" version="30"/>
    <module path="/tmp/.mount_xLightiiwNdT/usr/bin/../lib/librabbitmq.so.4" address="0x7f126915c2a8" size="0x19350" version="4"/>
    <module path="/tmp/.mount_xLightiiwNdT/usr/bin/../lib/libsrt-gnutls.so.1.4" address="0x7f12690912a8" size="0xca5e8" version="1.4"/>
    <module path="/tmp/.mount_xLightiiwNdT/usr/bin/../lib/libssh-gcrypt.so.4" address="0x7f12690012e0" size="0x8f0a0" version="4"/>
    <module path="/tmp/.mount_xLightiiwNdT/usr/bin/../lib/libzmq.so.5" address="0x7f1268f632a8" size="0x9dcd8" version="5"/>
    <module path="/tmp/.mount_xLightiiwNdT/usr/bin/../lib/libvpx.so.7" address="0x7f1268c57000" size="0x30b9a8" version="7"/>
    <module path="/tmp/.mount_xLightiiwNdT/usr/bin/../lib/libwebpmux.so.3" address="0x7f1268c422a8" size="0xd520" version="3"/>
    <module path="/tmp/.mount_xLightiiwNdT/usr/bin/../lib/liblzma.so.5" address="0x7f1268c152a8" size="0x2be00" version="5"/>
    <module path="/tmp/.mount_xLightiiwNdT/usr/bin/../lib/libdav1d.so.5" address="0x7f1268a90000" size="0x184670" version="5"/>
    <module path="/tmp/.mount_xLightiiwNdT/usr/bin/../lib/librsvg-2.so.2" address="0x7f1268136000" size="0x957910" version="2"/>
    <module path="/tmp/.mount_xLightiiwNdT/usr/bin/../lib/libgobject-2.0.so.0" address="0x7f1267fb22a8" size="0x65098" version="0"/>
    <module path="/tmp/.mount_xLightiiwNdT/usr/bin/../lib/libglib-2.0.so.0" address="0x7f1267e6a2a8" size="0x146fa8" version="0"/>
    <module path="/tmp/.mount_xLightiiwNdT/usr/bin/../lib/libcairo.so.2" address="0x7f1267d3a2a8" size="0x12dc28" version="2"/>
    <module path="/tmp/.mount_xLightiiwNdT/usr/bin/../lib/libzvbi.so.0" address="0x7f1267ca72a8" size="0x924f0" version="0"/>
    <module path="/tmp/.mount_xLightiiwNdT/usr/bin/../lib/libsnappy.so.1" address="0x7f1267c9b2a8" size="0xad98" version="1"/>
    <module path="/tmp/.mount_xLightiiwNdT/usr/bin/../lib/libaom.so.3" address="0x7f126773e000" size="0x55ce40" version="3"/>
    <module path="/tmp/.mount_xLightiiwNdT/usr/bin/../lib/libcodec2.so.1.0" address="0x7f126687e2a8" size="0xeab580" version="1.0"/>
    <module path="/tmp/.mount_xLightiiwNdT/usr/bin/../lib/libgsm.so.1" address="0x7f126686e2a8" size="0xf400" version="1"/>
    <module path="/tmp/.mount_xLightiiwNdT/usr/bin/../lib/libmp3lame.so.0" address="0x7f12667f52a8" size="0x76cb8" version="0"/>
    <module path="/tmp/.mount_xLightiiwNdT/usr/bin/../lib/libopenjp2.so.7" address="0x7f126679c2a8" size="0x58840" version="7"/>
    <module path="/tmp/.mount_xLightiiwNdT/usr/bin/../lib/libopus.so.0" address="0x7f126673d2a8" size="0x5ea58" version="0"/>
    <module path="/tmp/.mount_xLightiiwNdT/usr/bin/../lib/libshine.so.3" address="0x7f1266408fc0" size="0x202478" version="3"/>
    <module path="/tmp/.mount_xLightiiwNdT/usr/bin/../lib/libspeex.so.1" address="0x7f126671e2a8" size="0x1e780" version="1"/>
    <module path="/tmp/.mount_xLightiiwNdT/usr/bin/../lib/libtheoraenc.so.1" address="0x7f12666e52a8" size="0x382f8" version="1"/>
    <module path="/tmp/.mount_xLightiiwNdT/usr/bin/../lib/libtheoradec.so.1" address="0x7f12666c42a8" size="0x1e738" version="1"/>
    <module path="/tmp/.mount_xLightiiwNdT/usr/bin/../lib/libtwolame.so.0" address="0x7f126669e2a8" size="0x25a58" version="0"/>
    <module path="/tmp/.mount_xLightiiwNdT/usr/bin/../lib/libvorbis.so.0" address="0x7f126666f2a8" size="0x2de10" version="0"/>
    <module path="/tmp/.mount_xLightiiwNdT/usr/bin/../lib/libvorbisenc.so.2" address="0x7f12663542a8" size="0xab2b0" version="2"/>
    <module path="/tmp/.mount_xLightiiwNdT/usr/bin/../lib/libx264.so.163" address="0x7f1266097000" size="0x2bcd28" version="163"/>
    <module path="/tmp/.mount_xLightiiwNdT/usr/bin/../lib/libx265.so.199" address="0x7f1265145000" size="0xf4c5a8" version="199"/>
    <module path="/tmp/.mount_xLightiiwNdT/usr/bin/../lib/libxvidcore.so.4" address="0x7f1264ff7000" size="0x111568" version="4"/>
    <module path="/tmp/.mount_xLightiiwNdT/usr/bin/../lib/libva.so.2" address="0x7f126663b2a8" size="0x31cc0" version="2"/>
    <module path="/tmp/.mount_xLightiiwNdT/usr/bin/../lib/libmfx.so.1" address="0x7f126662b2a8" size="0xef68" version="1"/>
    <module path="/tmp/.mount_xLightiiwNdT/usr/bin/../lib/libva-drm.so.2" address="0x7f12666252a8" size="0x53d8" version="2"/>
    <module path="/tmp/.mount_xLightiiwNdT/usr/bin/../lib/libva-x11.so.2" address="0x7f126661c2a8" size="0x8440" version="2"/>
    <module path="/tmp/.mount_xLightiiwNdT/usr/bin/../lib/libvdpau.so.1" address="0x7f12666132a8" size="0x6628" version="1"/>
    <module path="/lib/x86_64-linux-gnu/libdrm.so.2" address="0x7f1264fdf2a8" size="0x15950" version="2"/>
    <module path="/tmp/.mount_xLightiiwNdT/usr/bin/../lib/libOpenCL.so.1" address="0x7f1264fcb2e0" size="0x13130" version="1"/>
    <module path="/tmp/.mount_xLightiiwNdT/usr/bin/../lib/libsoxr.so.0" address="0x7f1264f632a8" size="0x67380" version="0"/>
    <module path="/lib/x86_64-linux-gnu/libasound.so.2" address="0x7f1264e602e0" size="0x102230" version="2"/>
    <module path="/tmp/.mount_xLightiiwNdT/usr/bin/../lib/libpulse.so.0" address="0x7f1264e0b2a8" size="0x53da8" version="0"/>
    <module path="/tmp/.mount_xLightiiwNdT/usr/bin/../lib/libXext.so.6" address="0x7f1264df42a8" size="0x16168" version="6"/>
    <module path="/tmp/.mount_xLightiiwNdT/usr/bin/../lib/libXcursor.so.1" address="0x7f1264de72a8" size="0xca40" version="1"/>
    <module path="/tmp/.mount_xLightiiwNdT/usr/bin/../lib/libXinerama.so.1" address="0x7f1264de12a8" size="0x5440" version="1"/>
    <module path="/tmp/.mount_xLightiiwNdT/usr/bin/../lib/libXfixes.so.3" address="0x7f1264dd82a8" size="0x85f8" version="3"/>
    <module path="/tmp/.mount_xLightiiwNdT/usr/bin/../lib/libXrandr.so.2" address="0x7f1264dca2a8" size="0xd958" version="2"/>
    <module path="/tmp/.mount_xLightiiwNdT/usr/bin/../lib/libXss.so.1" address="0x7f1264dc42a8" size="0x5588" version="1"/>
    <module path="/lib/x86_64-linux-gnu/libgbm.so.1" address="0x7f1264db32a8" size="0x101c0" version="1"/>
    <module path="/tmp/.mount_xLightiiwNdT/usr/bin/../lib/libwayland-egl.so.1" address="0x7f1264dad2a8" size="0x51b8" version="1"/>
    <module path="/tmp/.mount_xLightiiwNdT/usr/bin/../lib/libwayland-client.so.0" address="0x7f1264d9b2a8" size="0x11b90" version="0"/>
    <module path="/tmp/.mount_xLightiiwNdT/usr/bin/../lib/libwayland-cursor.so.0" address="0x7f1264d902a8" size="0xa718" version="0"/>
    <module path="/tmp/.mount_xLightiiwNdT/usr/bin/../lib/libxkbcommon.so.0" address="0x7f1264d472a8" size="0x47db0" version="0"/>
    <module path="/tmp/.mount_xLightiiwNdT/usr/bin/../lib/libdecor-0.so.0" address="0x7f1264d3c2a8" size="0xaa88" version="0"/>
    <module path="/tmp/.mount_xLightiiwNdT/usr/bin/../lib/libgtk-3.so.0" address="0x7f12644dd2a8" size="0x85eaa0" version="0"/>
    <module path="/tmp/.mount_xLightiiwNdT/usr/bin/../lib/libgdk-3.so.0" address="0x7f12643ca2a8" size="0x1128e0" version="0"/>
    <module path="/lib/x86_64-linux-gnu/libEGL.so.1" address="0x7f12643b72a8" size="0x12400" version="1"/>
    <module path="/tmp/.mount_xLightiiwNdT/usr/bin/../lib/libpangocairo-1.0.so.0" address="0x7f12643a32a8" size="0x13738" version="0"/>
    <module path="/tmp/.mount_xLightiiwNdT/usr/bin/../lib/libpango-1.0.so.0" address="0x7f12643332a8" size="0x6d218" version="0"/>
    <module path="/tmp/.mount_xLightiiwNdT/usr/bin/../lib/libgdk_pixbuf-2.0.so.0" address="0x7f12643002a8" size="0x32858" version="0"/>
    <module path="/tmp/.mount_xLightiiwNdT/usr/bin/../lib/libgio-2.0.so.0" address="0x7f12641102a8" size="0x1ef9a8" version="0"/>
    <module path="/lib/x86_64-linux-gnu/libSM.so.6" address="0x7f12641052a8" size="0x9ec8" version="6"/>
    <module path="/tmp/.mount_xLightiiwNdT/usr/bin/../lib/libXtst.so.6" address="0x7f12640fc2a8" size="0x8500" version="6"/>
    <module path="/tmp/.mount_xLightiiwNdT/usr/bin/../lib/libpangoft2-1.0.so.0" address="0x7f12640de2a8" size="0x1d858" version="0"/>
    <module path="/lib/x86_64-linux-gnu/libfontconfig.so.1" address="0x7f12640922a8" size="0x493b8" version="1"/>
    <module path="/tmp/.mount_xLightiiwNdT/usr/bin/../lib/libpng16.so.16" address="0x7f12640542a8" size="0x3d090" version="16"/>
    <module path="/tmp/.mount_xLightiiwNdT/usr/bin/../lib/libjpeg.so.8" address="0x7f1263fd5000" size="0x7e108" version="8"/>
    <module path="/lib/x86_64-linux-gnu/libexpat.so.1" address="0x7f1263fa02a8" size="0x2fe10" version="1"/>
    <module path="/tmp/.mount_xLightiiwNdT/usr/bin/../lib/libpcre2-32.so.0" address="0x7f1263f1a2a8" size="0x85b40" version="0"/>
    <module path="/lib64/ld-linux-x86-64.so.2" address="0x7f126d5f92a8" size="0x3b030" version="2"/>
    <module path="/lib/x86_64-linux-gnu/libXau.so.6" address="0x7f1263f122a8" size="0x4e60" version="6"/>
    <module path="/lib/x86_64-linux-gnu/libXdmcp.so.6" address="0x7f1263f0a2a8" size="0x6dd8" version="6"/>
    <module path="/tmp/.mount_xLightiiwNdT/usr/bin/../lib/libunistring.so.2" address="0x7f1263d5a2a8" size="0x1af030" version="2"/>
    <module path="/tmp/.mount_xLightiiwNdT/usr/bin/../lib/libhogweed.so.6" address="0x7f1263d0e2a8" size="0x4ad88" version="6"/>
    <module path="/tmp/.mount_xLightiiwNdT/usr/bin/../lib/libnettle.so.8" address="0x7f1263cc32a8" size="0x49dd0" version="8"/>
    <module path="/lib/x86_64-linux-gnu/libgmp.so.10" address="0x7f1263c3f2a8" size="0x80f68" version="10"/>
    <module path="/tmp/.mount_xLightiiwNdT/usr/bin/../lib/libkrb5.so.3" address="0x7f1263b6d2a8" size="0xd0f10" version="3"/>
    <module path="/tmp/.mount_xLightiiwNdT/usr/bin/../lib/libk5crypto.so.3" address="0x7f1263b3c2a8" size="0x2fea0" version="3"/>
    <module path="/lib/x86_64-linux-gnu/libcom_err.so.2" address="0x7f1263b362e0" size="0x4d68" version="2"/>
    <module path="/tmp/.mount_xLightiiwNdT/usr/bin/../lib/libkrb5support.so.0" address="0x7f1263b262a8" size="0xee00" version="0"/>
    <module path="/tmp/.mount_xLightiiwNdT/usr/bin/../lib/libsasl2.so.2" address="0x7f1263b082a8" size="0x1b9b8" version="2"/>
    <module path="/tmp/.mount_xLightiiwNdT/usr/bin/../lib/libbrotlicommon.so.1" address="0x7f1263ae42a8" size="0x23288" version="1"/>
    <module path="/tmp/.mount_xLightiiwNdT/usr/bin/../lib/libicuuc.so.70" address="0x7f12638be2a8" size="0x225cf0" version="70"/>
    <module path="/tmp/.mount_xLightiiwNdT/usr/bin/../lib/libmpg123.so.0" address="0x7f1263865000" size="0x58198" version="0"/>
    <module path="/tmp/.mount_xLightiiwNdT/usr/bin/../lib/libvorbisfile.so.3" address="0x7f12638542a8" size="0xb6e8" version="3"/>
    <module path="/lib/x86_64-linux-gnu/libfreetype.so.6" address="0x7f126378a2a8" size="0xc6d68" version="6"/>
    <module path="/tmp/.mount_xLightiiwNdT/usr/bin/../lib/libudfread.so.0" address="0x7f126377e2a8" size="0xb310" version="0"/>
    <module path="/tmp/.mount_xLightiiwNdT/usr/bin/../lib/libp11-kit.so.0" address="0x7f12636412e0" size="0x13c268" version="0"/>
    <module path="/tmp/.mount_xLightiiwNdT/usr/bin/../lib/libtasn1.so.6" address="0x7f12636282a8" size="0x18638" version="6"/>
    <module path="/tmp/.mount_xLightiiwNdT/usr/bin/../lib/libgcrypt.so.20" address="0x7f12634e82a8" size="0x13f9d0" version="20"/>
    <module path="/lib/x86_64-linux-gnu/libgpg-error.so.0" address="0x7f12634c02a8" size="0x24f10" version="0"/>
    <module path="/tmp/.mount_xLightiiwNdT/usr/bin/../lib/libbsd.so.0" address="0x7f12634a62a8" size="0x18dd8" version="0"/>
    <module path="/tmp/.mount_xLightiiwNdT/usr/bin/../lib/libsodium.so.23" address="0x7f1263453000" size="0x52490" version="23"/>
    <module path="/tmp/.mount_xLightiiwNdT/usr/bin/../lib/libpgm-5.3.so.0" address="0x7f12633f42a8" size="0x51eb8" version="0"/>
    <module path="/tmp/.mount_xLightiiwNdT/usr/bin/../lib/libnorm.so.1" address="0x7f12632c72a8" size="0x12c710" version="1"/>
    <module path="/tmp/.mount_xLightiiwNdT/usr/bin/../lib/libcairo-gobject.so.2" address="0x7f12632b82a8" size="0xc818" version="2"/>
    <module path="/tmp/.mount_xLightiiwNdT/usr/bin/../lib/libffi.so.8" address="0x7f12632aa2a8" size="0xd5f8" version="8"/>
    <module path="/tmp/.mount_xLightiiwNdT/usr/bin/../lib/libpcre.so.3" address="0x7f12632332a8" size="0x76468" version="3"/>
    <module path="/tmp/.mount_xLightiiwNdT/usr/bin/../lib/libpixman-1.so.0" address="0x7f12631862e0" size="0xac590" version="0"/>
    <module path="/tmp/.mount_xLightiiwNdT/usr/bin/../lib/libxcb-shm.so.0" address="0x7f12631802a8" size="0x5360" version="0"/>
    <module path="/tmp/.mount_xLightiiwNdT/usr/bin/../lib/libxcb-render.so.0" address="0x7f126316c2a8" size="0x11808" version="0"/>
    <module path="/tmp/.mount_xLightiiwNdT/usr/bin/../lib/libXrender.so.1" address="0x7f126315e2a8" size="0xd778" version="1"/>
    <module path="/tmp/.mount_xLightiiwNdT/usr/bin/../lib/libogg.so.0" address="0x7f12631522a8" size="0xb788" version="0"/>
    <module path="/tmp/.mount_xLightiiwNdT/usr/bin/../lib/libnuma.so.1" address="0x7f12631442e0" size="0xdc68" version="1"/>
    <module path="/lib/x86_64-linux-gnu/libpthread.so.0" address="0x7f126313f2a8" size="0x3d80" version="0"/>
    <module path="/tmp/.mount_xLightiiwNdT/usr/bin/../lib/libgomp.so.1" address="0x7f12630ee2e0" size="0x4e4e0" version="1"/>
    <module path="/tmp/.mount_xLightiiwNdT/usr/bin/../lib/libpulsecommon-15.99.so" address="0x7f12630612a8" size="0x8c018" version="15.99"/>
    <module path="/tmp/.mount_xLightiiwNdT/usr/bin/../lib/libdbus-1.so.3" address="0x7f126300d2a8" size="0x52f20" version="3"/>
    <module path="/lib/x86_64-linux-gnu/libwayland-server.so.0" address="0x7f1262ff72a8" size="0x15378" version="0"/>
    <module path="/lib/x86_64-linux-gnu/libxcb-randr.so.0" address="0x7f1262fe42a8" size="0x11dc0" version="0"/>
    <module path="/tmp/.mount_xLightiiwNdT/usr/bin/../lib/libgmodule-2.0.so.0" address="0x7f1262fda2a8" size="0x73b0" version="0"/>
    <module path="/tmp/.mount_xLightiiwNdT/usr/bin/../lib/libatk-1.0.so.0" address="0x7f1262fac2a8" size="0x2d648" version="0"/>
    <module path="/tmp/.mount_xLightiiwNdT/usr/bin/../lib/libatk-bridge-2.0.so.0" address="0x7f1262f702a8" size="0x3b360" version="0"/>
    <module path="/tmp/.mount_xLightiiwNdT/usr/bin/../lib/libepoxy.so.0" address="0x7f1262e1c2a8" size="0x153510" version="0"/>
    <module path="/lib/x86_64-linux-gnu/libfribidi.so.0" address="0x7f1262e002a8" size="0x1ae30" version="0"/>
    <module path="/lib/x86_64-linux-gnu/libharfbuzz.so.0" address="0x7f1262d2f2a8" size="0xcea30" version="0"/>
    <module path="/tmp/.mount_xLightiiwNdT/usr/bin/../lib/libXcomposite.so.1" address="0x7f1262d292a8" size="0x5298" version="1"/>
    <module path="/tmp/.mount_xLightiiwNdT/usr/bin/../lib/libXdamage.so.1" address="0x7f1262d232a8" size="0x5478" version="1"/>
    <module path="/tmp/.mount_xLightiiwNdT/usr/bin/../lib/libthai.so.0" address="0x7f1262d172a8" size="0xb8f0" version="0"/>
    <module path="/tmp/.mount_xLightiiwNdT/usr/bin/../lib/libmount.so.1" address="0x7f1262cd02a8" size="0x46a68" version="1"/>
    <module path="/tmp/.mount_xLightiiwNdT/usr/bin/../lib/libselinux.so.1" address="0x7f1262c9f2e0" size="0x2e198" version="1"/>
    <module path="/lib/x86_64-linux-gnu/libICE.so.6" address="0x7f1262c822a8" size="0x1ccb0" version="6"/>
    <module path="/lib/x86_64-linux-gnu/libuuid.so.1" address="0x7f1262c792e0" size="0x7d38" version="1"/>
    <module path="/tmp/.mount_xLightiiwNdT/usr/bin/../lib/libkeyutils.so.1" address="0x7f1262c712a8" size="0x7688" version="1"/>
    <module path="/lib/x86_64-linux-gnu/libresolv.so.2" address="0x7f1262c5d2a8" size="0x137a0" version="2"/>
    <module path="/tmp/.mount_xLightiiwNdT/usr/bin/../lib/libicudata.so.70" address="0x7f126103c270" size="0x1c1e070" version="70"/>
    <module path="/tmp/.mount_xLightiiwNdT/usr/bin/../lib/libmd.so.0" address="0x7f126102e2a8" size="0xd640" version="0"/>
    <module path="/tmp/.mount_xLightiiwNdT/usr/bin/../lib/libsndfile.so.1" address="0x7f1260fad2a8" size="0x80000" version="1"/>
    <module path="/lib/x86_64-linux-gnu/libX11-xcb.so.1" address="0x7f1260fa82a8" size="0x3d80" version="1"/>
    <module path="/tmp/.mount_xLightiiwNdT/usr/bin/../lib/libsystemd.so.0" address="0x7f1260ed92e0" size="0xcc9f0" version="0"/>
    <module path="/tmp/.mount_xLightiiwNdT/usr/bin/../lib/libasyncns.so.0" address="0x7f1260ed02a8" size="0x8368" version="0"/>
    <module path="/tmp/.mount_xLightiiwNdT/usr/bin/../lib/libapparmor.so.1" address="0x7f1260eba2a8" size="0x15bf8" version="1"/>
    <module path="/tmp/.mount_xLightiiwNdT/usr/bin/../lib/libatspi.so.0" address="0x7f1260e7a2a8" size="0x3ee70" version="0"/>
    <module path="/lib/x86_64-linux-gnu/libgraphite2.so.3" address="0x7f1260e532a8" size="0x25e08" version="3"/>
    <module path="/tmp/.mount_xLightiiwNdT/usr/bin/../lib/libdatrie.so.1" address="0x7f1260e472a8" size="0x94a8" version="1"/>
    <module path="/tmp/.mount_xLightiiwNdT/usr/bin/../lib/libblkid.so.1" address="0x7f1260e0e2a8" size="0x382c0" version="1"/>
    <module path="/tmp/.mount_xLightiiwNdT/usr/bin/../lib/libpcre2-8.so.0" address="0x7f1260d762a8" size="0x97b18" version="0"/>
    <module path="/tmp/.mount_xLightiiwNdT/usr/bin/../lib/libFLAC.so.8" address="0x7f1260d362a8" size="0x3fb20" version="8"/>
    <module path="/tmp/.mount_xLightiiwNdT/usr/bin/../lib/liblz4.so.1" address="0x7f1260d152a8" size="0x20c78" version="1"/>
    <module path="/tmp/.mount_xLightiiwNdT/usr/bin/../lib/libcap.so.2" address="0x7f1260d072a8" size="0xb690" version="2"/>
    <module path="/usr/lib/x86_64-linux-gnu/gconv/UTF-32.so" address="0x7f126d5e62a8" size="0x4db8" version="32"/>
    <module path="/usr/lib/x86_64-linux-gnu/gio/modules/libgvfsdbus.so" address="0x7f12507062a8" size="0x34048" version="gnu/gio/modules/libgvfsdbus"/>
    <module path="/usr/lib/x86_64-linux-gnu/gvfs/libgvfscommon.so" address="0x7f12506c32a8" size="0x42010" version="gnu/gvfs/libgvfscommon"/>
    <module path="/lib/x86_64-linux-gnu/libnss_mdns4_minimal.so.2" address="0x7f12500242a8" size="0x4d68" version="2"/>
    <module path="/lib/x86_64-linux-gnu/libEGL_mesa.so.0" address="0x7f12496402e0" size="0x48cc0" version="0"/>
    <module path="/lib/x86_64-linux-gnu/libglapi.so.0" address="0x7f124960b2e0" size="0x33da0" version="0"/>
    <module path="/lib/x86_64-linux-gnu/libxcb-dri2.so.0" address="0x7f125001d2a8" size="0x5db0" version="0"/>
    <module path="/lib/x86_64-linux-gnu/libxcb-xfixes.so.0" address="0x7f12500132a8" size="0x8db0" version="0"/>
    <module path="/lib/x86_64-linux-gnu/libxcb-dri3.so.0" address="0x7f125000c2a8" size="0x5dc0" version="0"/>
    <module path="/lib/x86_64-linux-gnu/libxcb-present.so.0" address="0x7f12500072a8" size="0x3db0" version="0"/>
    <module path="/lib/x86_64-linux-gnu/libxcb-sync.so.1" address="0x7f12496012a8" size="0x8dd0" version="1"/>
    <module path="/lib/x86_64-linux-gnu/libxshmfence.so.1" address="0x7f12500022a8" size="0x3dd0" version="1"/>
    <module path="/usr/lib/x86_64-linux-gnu/dri/radeonsi_dri.so" address="0x7f1231f252e0" size="0x20dabb0" version="gnu/dri/radeonsi_dri"/>
    <module path="/lib/x86_64-linux-gnu/libLLVM-15.so.1" address="0x7f122af33040" size="0x6ff1d29" version="1"/>
    <module path="/lib/x86_64-linux-gnu/libsensors.so.5" address="0x7f12495f12a8" size="0xf190" version="5"/>
    <module path="/lib/x86_64-linux-gnu/libdrm_radeon.so.1" address="0x7f12495e22a8" size="0xde80" version="1"/>
    <module path="/lib/x86_64-linux-gnu/libelf.so.1" address="0x7f12495c42e0" size="0x1cea8" version="1"/>
    <module path="/lib/x86_64-linux-gnu/libdrm_amdgpu.so.1" address="0x7f12495b82a8" size="0xafc0" version="1"/>
    <module path="/lib/x86_64-linux-gnu/libdrm_nouveau.so.2" address="0x7f12495ad2a8" size="0x9e80" version="2"/>
    <module path="/lib/x86_64-linux-gnu/libdrm_intel.so.1" address="0x7f12495872a8" size="0x25500" version="1"/>
    <module path="/lib/x86_64-linux-gnu/libedit.so.2" address="0x7f124954d2a8" size="0x38d98" version="2"/>
    <module path="/lib/x86_64-linux-gnu/libtinfo.so.6" address="0x7f124951b2a8" size="0x31678" version="6"/>
    <module path="/lib/x86_64-linux-gnu/libpciaccess.so.0" address="0x7f12495102a8" size="0x9ee8" version="0"/>
    <module path="/tmp/.mount_xLightiiwNdT/usr/bin/../lib/libpixbufloader-svg.so" address="0x7f125003f2a8" size="0x5398" version="svg"/>
  </modules>
  <stack>
    <frame level="0" function="xlCrashHandler::HandleCrash(bool, std::__cxx11::basic_string&lt;char, std::char_traits&lt;char&gt;, std::allocator&lt;char&gt; &gt; const&amp;)" offset="0" address="0x5599cf8c7a16"/>
    <frame level="1" function="xlGLBaseApp::OnFatalException()" offset="0" address="0x5599ceda85b0"/>
    <frame level="2" function="std::vector&lt;wxThread*, std::allocator&lt;wxThread*&gt; &gt;::_M_fill_insert(__gnu_cxx::__normal_iterator&lt;wxThread**, std::vector&lt;wxThread*, std::allocator&lt;wxThread*&gt; &gt; &gt;, unsigned long, wxThread* const&amp;)" offset="0" address="0x7f126a911fd6"/>
    <frame level="3" function="__restore_rt" offset="0" address="0x7f126a05b520" file="libc_sigaction.c" line="0"/>
    <frame level="4" function="wxBitmap::Draw(_cairo*, int, int, bool, wxColour const*, wxColour const*) const" offset="0" address="0x7f126ade04c3"/>
    <frame level="5" function="wxDropSource::GTKDisconnectDragSignals()" offset="0" address="0x7f126adf52ef"/>
    <frame level="6" function="gtk_socket_add_id" offset="0" address="0x7f12648c3eb8"/>
    <frame level="7" function="gtk_tree_view_scroll_to_cell" offset="0" address="0x7f126486d0e1"/>
    <frame level="8" function="g_signal_emit_valist" offset="0" address="0x7f1267fe4700"/>
    <frame level="9" function="g_signal_emit" offset="0" address="0x7f1267fe4863"/>
    <frame level="10" function="gtk_widget_set_accel_path" offset="0" address="0x7f126487cd82"/>
    <frame level="11" function="gtk_container_propagate_draw" offset="0" address="0x7f126465d825"/>
    <frame level="12" function="gtk_container_propagate_draw" offset="0" address="0x7f126465d92d"/>
    <frame level="13" function="gtk_clipboard_get_selection" offset="0" address="0x7f126489d60e"/>
    <frame level="14" function="gtk_widget_set_accel_path" offset="0" address="0x7f126487cb64"/>
    <frame level="15" function="gtk_widget_get_template_child" offset="0" address="0x7f1264888db1"/>
    <frame level="16" function="gtk_main_do_event" offset="0" address="0x7f126472f54b"/>
    <frame level="17" function="gdk_drawing_context_get_clip" offset="0" address="0x7f1264403743"/>
    <frame level="18" function="gdk_window_get_visible_region" offset="0" address="0x7f1264416151"/>
    <frame level="19" function="gdk_window_thaw_toplevel_updates_libgtk_only" offset="0" address="0x7f126441b221"/>
    <frame level="20" function="gdk_window_thaw_toplevel_updates_libgtk_only" offset="0" address="0x7f126441b418"/>
    <frame level="21" function="g_signal_emit_valist" offset="0" address="0x7f1267fe4700"/>
    <frame level="22" function="g_signal_emit" offset="0" address="0x7f1267fe4863"/>
    <frame level="23" function="gdk_monitor_is_primary" offset="0" address="0x7f1264410c6f"/>
    <frame level="24" function="gdk_threads_leave" offset="0" address="0x7f12643fd2ad"/>
    <frame level="25" function="g_main_context_check" offset="0" address="0x7f1267ec02c8"/>
    <frame level="26" function="g_main_context_dispatch" offset="0" address="0x7f1267ebfc44"/>
    <frame level="27" function="g_io_channel_new_file" offset="0" address="0x7f1267f15258"/>
    <frame level="28" function="g_main_loop_run" offset="0" address="0x7f1267ebf2b3"/>
    <frame level="29" function="gtk_main" offset="0" address="0x7f1264725cfd"/>
    <frame level="30" function="wxGUIEventLoop::DoRun()" offset="0" address="0x7f126adf9dc5"/>
    <frame level="31" function="wxEventLoopBase::Run()" offset="0" address="0x7f126a801bc1"/>
    <frame level="32" function="wxDialog::ShowModal()" offset="0" address="0x7f126ae715e3"/>
    <frame level="33" function="xLightsFrame::OnButtonVisualiseClick(wxCommandEvent&amp;)" offset="0" address="0x5599cf720032"/>
    <frame level="34" function="wxEvtHandler::ProcessEventIfMatchesId(wxEventTableEntryBase const&amp;, wxEvtHandler*, wxEvent&amp;)" offset="0" address="0x7f126a9434b6"/>
    <frame level="35" function="wxEvtHandler::SearchDynamicEventTable(wxEvent&amp;)" offset="0" address="0x7f126a94466d"/>
    <frame level="36" function="wxEvtHandler::TryHereOnly(wxEvent&amp;)" offset="0" address="0x7f126a944aa4"/>
    <frame level="37" function="wxEvtHandler::DoTryChain(wxEvent&amp;)" offset="0" address="0x7f126a943663"/>
    <frame level="38" function="wxEvtHandler::ProcessEvent(wxEvent&amp;)" offset="0" address="0x7f126a944c51"/>
    <frame level="39" function="wxWindowBase::TryAfter(wxEvent&amp;)" offset="0" address="0x7f126b00c5ee"/>
    <frame level="40" function="wxWindowBase::TryAfter(wxEvent&amp;)" offset="0" address="0x7f126b00c5ee"/>
    <frame level="41" function="wxWindowBase::TryAfter(wxEvent&amp;)" offset="0" address="0x7f126b00c5ee"/>
    <frame level="42" function="wxWindowBase::TryAfter(wxEvent&amp;)" offset="0" address="0x7f126b00c5ee"/>
    <frame level="43" function="wxEvtHandler::SafelyProcessEvent(wxEvent&amp;)" offset="0" address="0x7f126a944d3b"/>
    <frame level="44" function="wxButton::SetDefault()" offset="0" address="0x7f126ae65842"/>
    <frame level="45" function="g_signal_emit_valist" offset="0" address="0x7f1267fe4700"/>
    <frame level="46" function="g_signal_emit" offset="0" address="0x7f1267fe4863"/>
    <frame level="47" function="gtk_button_set_focus_on_click" offset="0" address="0x7f126461aaa0"/>
    <frame level="48" function="g_signal_emit_valist" offset="0" address="0x7f1267fe4700"/>
    <frame level="49" function="g_signal_emit" offset="0" address="0x7f1267fe4863"/>
    <frame level="50" function="gtk_button_set_focus_on_click" offset="0" address="0x7f126461a874"/>
    <frame level="51" function="gtk_window_position_get_type" offset="0" address="0x7f12648cdbe5"/>
    <frame level="52" function="g_signal_emit_valist" offset="0" address="0x7f1267fe4700"/>
    <frame level="53" function="g_signal_emit" offset="0" address="0x7f1267fe4863"/>
    <frame level="54" function="gtk_gesture_drag_get_offset" offset="0" address="0x7f12646e4ffc"/>
    <frame level="55" function="g_cclosure_marshal_VOID__BOXEDv" offset="0" address="0x7f1267fcb866"/>
    <frame level="56" function="g_signal_emit_valist" offset="0" address="0x7f1267fe4700"/>
    <frame level="57" function="g_signal_emit" offset="0" address="0x7f1267fe4863"/>
    <frame level="58" function="gtk_font_chooser_widget_get_type" offset="0" address="0x7f12646dcacb"/>
    <frame level="59" function="gtk_gesture_group" offset="0" address="0x7f12646e483b"/>
    <frame level="60" function="gtk_gesture_drag_get_offset" offset="0" address="0x7f12646e5443"/>
    <frame level="61" function="gtk_event_controller_handle_event" offset="0" address="0x7f12646abf90"/>
    <frame level="62" function="gtk_widget_draw" offset="0" address="0x7f126487d045"/>
    <frame level="63" function="gtk_socket_add_id" offset="0" address="0x7f12648c2b77"/>
    <frame level="64" function="g_closure_invoke" offset="0" address="0x7f1267fc6d2f"/>
    <frame level="65" function="g_signal_handlers_destroy" offset="0" address="0x7f1267fe2624"/>
    <frame level="66" function="g_signal_emit_valist" offset="0" address="0x7f1267fe4026"/>
    <frame level="67" function="g_signal_emit" offset="0" address="0x7f1267fe4863"/>
    <frame level="68" function="gtk_widget_init_template" offset="0" address="0x7f126488b724"/>
    <frame level="69" function="gtk_grab_remove" offset="0" address="0x7f126472e680"/>
    <frame level="70" function="gtk_main_do_event" offset="0" address="0x7f126472f52a"/>
    <frame level="71" function="gdk_drawing_context_get_clip" offset="0" address="0x7f1264403743"/>
    <frame level="72" function="gdk_x11_drag_context_get_type" offset="0" address="0x7f126443af56"/>
    <frame level="73" function="g_main_context_dispatch" offset="0" address="0x7f1267ebfd3b"/>
    <frame level="74" function="g_io_channel_new_file" offset="0" address="0x7f1267f15258"/>
    <frame level="75" function="g_main_loop_run" offset="0" address="0x7f1267ebf2b3"/>
    <frame level="76" function="gtk_main" offset="0" address="0x7f1264725cfd"/>
    <frame level="77" function="wxGUIEventLoop::DoRun()" offset="0" address="0x7f126adf9dc5"/>
    <frame level="78" function="wxEventLoopBase::Run()" offset="0" address="0x7f126a801bc1"/>
    <frame level="79" function="wxAppConsoleBase::MainLoop()" offset="0" address="0x7f126a7c416f"/>
    <frame level="80" function="wxEntry(int&amp;, wchar_t**)" offset="0" address="0x7f126a8502d5"/>
    <frame level="81" function="main" offset="0" address="0x5599ce8452fd"/>
    <frame level="82" function="__libc_start_call_main" offset="0" address="0x7f126a042d90" file="./csu/../sysdeps/nptl/libc_start_call_main.h" line="58"/>
    <frame level="83" function="call_init" offset="0" address="0x7f126a042e40" file="./csu/../csu/libc-start.c" line="128"/>
    <frame level="84" function="_start" offset="0" address="0x5599ce875905"/>
  </stack>
</report>
